path	bytes	sha256	storage	ref	class
docs/fixtures/humanmusic-cover/listening-post-repair/generated/cover-map.txt	24521	e12bb5349dadffa9df347e66ffd4830b3d5e36146629afa99dfb4e0bcb203eb2	archive	e12bb5349dadffa9df347e66ffd4830b3d5e36146629afa99dfb4e0bcb203eb2	archival+dup
docs/fixtures/humanmusic-cover/listening-post-repair/ode/cover-map.txt	27923	de69fdcf2e5d50b342e526cfc6135a38cf0b6d2f20fb1ee36c28393df7d3c6f3	archive	de69fdcf2e5d50b342e526cfc6135a38cf0b6d2f20fb1ee36c28393df7d3c6f3	archival+dup
docs/fixtures/humanmusic-cover/listening-post-repair/ode/report.txt	4652	313f6dc6723528b950e5590bbc423dec89fa3a76c2b3472e9476184c396e6457	archive	313f6dc6723528b950e5590bbc423dec89fa3a76c2b3472e9476184c396e6457	archival+dup
docs/fixtures/humanmusic-cover/listening-post-repair/ode/swiss.song.txt	136	70c81d89c0b4b5ad6e090af0e2ce0e457f2c7a9f1144b7495ae2f6bd6ebf8639	archive	70c81d89c0b4b5ad6e090af0e2ce0e457f2c7a9f1144b7495ae2f6bd6ebf8639	archival+dup
docs/fixtures/humanmusic-cover/listening-post-repair/ode/vapor.song.txt	136	70c81d89c0b4b5ad6e090af0e2ce0e457f2c7a9f1144b7495ae2f6bd6ebf8639	archive	70c81d89c0b4b5ad6e090af0e2ce0e457f2c7a9f1144b7495ae2f6bd6ebf8639	archival+dup
docs/fixtures/humanmusic-cover/listening-post-repair/swing-partial/cover-map.txt	10127	55a9cfc217eca82a60046621167b25f786782c92d814de6bf0ffc5000ccc0e91	archive	55a9cfc217eca82a60046621167b25f786782c92d814de6bf0ffc5000ccc0e91	archival+dup
docs/fixtures/humanmusic-cover/listening-post-repair/swing-partial/report.txt	4612	6e940531def2d48c3fafb3b644eb13d000025bac2e80354189db1489379e3061	archive	6e940531def2d48c3fafb3b644eb13d000025bac2e80354189db1489379e3061	archival+dup
docs/fixtures/humanmusic-cover/listening/diagnosis/report.txt	3543	0ac61536fd353eeb517992a6544a09f4247b33de37130bdd7868c627fd4de355	archive	0ac61536fd353eeb517992a6544a09f4247b33de37130bdd7868c627fd4de355	archival+dup
docs/fixtures/humanmusic-cover/listening/generated/black_seed_1.hearings.txt	58750	592e3c1876d818506afdeff92e2311b6786b94dc4f238a351197ca578b8c5b52	archive	592e3c1876d818506afdeff92e2311b6786b94dc4f238a351197ca578b8c5b52	archival
docs/fixtures/humanmusic-cover/listening/generated/black_seed_1.temporal.txt	20618	ea53fc8700b630b70b1d3f890a98d7789c8da493240e787fa4c6067a4dbc3045	archive	ea53fc8700b630b70b1d3f890a98d7789c8da493240e787fa4c6067a4dbc3045	archival
docs/fixtures/humanmusic-cover/listening/generated/black_seed_2.hearings.txt	58498	6bb5009102cd6223f9ce3a00c6f9dbaf505f14466966c8b1856efc2cf0441292	archive	6bb5009102cd6223f9ce3a00c6f9dbaf505f14466966c8b1856efc2cf0441292	archival
docs/fixtures/humanmusic-cover/listening/generated/black_seed_2.temporal.txt	21110	6bfe4b78f6ed74c9a6a5870b08d6c3e3d43e948f688cdd0b927b9118e1b3cfce	archive	6bfe4b78f6ed74c9a6a5870b08d6c3e3d43e948f688cdd0b927b9118e1b3cfce	archival
docs/fixtures/humanmusic-cover/listening/generated/cover-map.txt	24521	e12bb5349dadffa9df347e66ffd4830b3d5e36146629afa99dfb4e0bcb203eb2	archive	e12bb5349dadffa9df347e66ffd4830b3d5e36146629afa99dfb4e0bcb203eb2	archival+dup
docs/fixtures/humanmusic-cover/listening/generated/report.txt	3543	0ac61536fd353eeb517992a6544a09f4247b33de37130bdd7868c627fd4de355	archive	0ac61536fd353eeb517992a6544a09f4247b33de37130bdd7868c627fd4de355	archival+dup
docs/fixtures/humanmusic-cover/listening/generated/vapor.hearings.txt	59028	6a7bd33ed979644ed2e615cec6d6b1647d9a4a57c6b425531b8432e67af2b49c	archive	6a7bd33ed979644ed2e615cec6d6b1647d9a4a57c6b425531b8432e67af2b49c	archival
docs/fixtures/humanmusic-cover/listening/generated/vapor.temporal.txt	23931	54fa46bce764e913378011d628cccdd16ef6bf9fe26825fef2a448edfc3a5757	archive	54fa46bce764e913378011d628cccdd16ef6bf9fe26825fef2a448edfc3a5757	archival
docs/fixtures/humanmusic-cover/listening/ode/black_seed_1.hearings.txt	83240	1a20c7ac26c5caf46381b01668aaeb8cefd8124bcde194698e93b49ec1edbc8a	archive	1a20c7ac26c5caf46381b01668aaeb8cefd8124bcde194698e93b49ec1edbc8a	archival
docs/fixtures/humanmusic-cover/listening/ode/black_seed_2.hearings.txt	83226	50df29942f3701e5ff758a29b6785f7f299f33606ecd14724e64f67c6dea7284	archive	50df29942f3701e5ff758a29b6785f7f299f33606ecd14724e64f67c6dea7284	archival
docs/fixtures/humanmusic-cover/listening/ode/cover-map.txt	27923	de69fdcf2e5d50b342e526cfc6135a38cf0b6d2f20fb1ee36c28393df7d3c6f3	archive	de69fdcf2e5d50b342e526cfc6135a38cf0b6d2f20fb1ee36c28393df7d3c6f3	archival+dup
docs/fixtures/humanmusic-cover/listening/ode/report.txt	4652	313f6dc6723528b950e5590bbc423dec89fa3a76c2b3472e9476184c396e6457	archive	313f6dc6723528b950e5590bbc423dec89fa3a76c2b3472e9476184c396e6457	archival+dup
docs/fixtures/humanmusic-cover/listening/ode/same_source_frame.hearings.txt	82986	b55b930c22b522de78a7f2eed527cf6f2d590543b2222a733679f38c2bc2b098	archive	b55b930c22b522de78a7f2eed527cf6f2d590543b2222a733679f38c2bc2b098	archival
docs/fixtures/humanmusic-cover/listening/ode/same_source_frame.temporal.txt	21525	93671df602ae8a1d4a4832a4bc6119fff2a9710f7b453d70f8f9689dd587c955	archive	93671df602ae8a1d4a4832a4bc6119fff2a9710f7b453d70f8f9689dd587c955	archival
docs/fixtures/humanmusic-cover/listening/ode/swiss.hearings.txt	50852	f8620923b3c5c3b352be1062298ece89c76ada586f04129330b5f21eec5b4900	archive	f8620923b3c5c3b352be1062298ece89c76ada586f04129330b5f21eec5b4900	archival
docs/fixtures/humanmusic-cover/listening/ode/transposed_faster.hearings.txt	83646	ffb5d2a87cadd168c0d9a2faf33efff892af3b71d3810c40d63c01590f70dbf2	archive	ffb5d2a87cadd168c0d9a2faf33efff892af3b71d3810c40d63c01590f70dbf2	archival
docs/fixtures/humanmusic-cover/listening/ode/vapor.hearings.txt	82824	e700e6484377fb9f662886e7e9e06a024bf1bbb7e390973a7552472e29248369	archive	e700e6484377fb9f662886e7e9e06a024bf1bbb7e390973a7552472e29248369	archival
docs/fixtures/humanmusic-cover/listening/receipt.json	73399	037d2a21f326ceed87d5807b9504acfd040123b6bdacddf9053b9d1841cfaf45	archive	037d2a21f326ceed87d5807b9504acfd040123b6bdacddf9053b9d1841cfaf45	archival
docs/fixtures/humanmusic-cover/listening/swing-partial/black_seed_1.hearings.txt	167032	9cc8a712d5865e346c01e12ca7f5475ce97bc665d8993356a299580b7d1fd576	archive	9cc8a712d5865e346c01e12ca7f5475ce97bc665d8993356a299580b7d1fd576	archival
docs/fixtures/humanmusic-cover/listening/swing-partial/black_seed_1.notes.tsv	17610	1dc1167319ff409afd2e6931d2c579541aa9dac4ee9938e383f151ff4f3461b3	archive	1dc1167319ff409afd2e6931d2c579541aa9dac4ee9938e383f151ff4f3461b3	archival
docs/fixtures/humanmusic-cover/listening/swing-partial/black_seed_1.temporal.txt	80373	13e14fd48500f9b46ef79fa218851849be1d0cea18a3b86aa3723949f7016e78	archive	13e14fd48500f9b46ef79fa218851849be1d0cea18a3b86aa3723949f7016e78	archival
docs/fixtures/humanmusic-cover/listening/swing-partial/black_seed_2.hearings.txt	166694	7b1a732a07c28312acc41cc089e2c86c2b3a636c1ff93203a0b4e5c83de63721	archive	7b1a732a07c28312acc41cc089e2c86c2b3a636c1ff93203a0b4e5c83de63721	archival
docs/fixtures/humanmusic-cover/listening/swing-partial/black_seed_2.notes.tsv	17575	593f25a48bf1cc412268696385ae4d38863ec0f24f32ab3b2fc224a3d9d5df08	archive	593f25a48bf1cc412268696385ae4d38863ec0f24f32ab3b2fc224a3d9d5df08	archival
docs/fixtures/humanmusic-cover/listening/swing-partial/black_seed_2.temporal.txt	79318	5508dbdfce921df71373a3cf319742f3596b552841620778bab8623147ac7c69	archive	5508dbdfce921df71373a3cf319742f3596b552841620778bab8623147ac7c69	archival
docs/fixtures/humanmusic-cover/listening/swing-partial/cover-map.txt	10127	55a9cfc217eca82a60046621167b25f786782c92d814de6bf0ffc5000ccc0e91	archive	55a9cfc217eca82a60046621167b25f786782c92d814de6bf0ffc5000ccc0e91	archival+dup
docs/fixtures/humanmusic-cover/listening/swing-partial/report.txt	4612	6e940531def2d48c3fafb3b644eb13d000025bac2e80354189db1489379e3061	archive	6e940531def2d48c3fafb3b644eb13d000025bac2e80354189db1489379e3061	archival+dup
docs/fixtures/humanmusic-cover/listening/swing-partial/swiss.hearings.txt	54438	474340ccf615250c5f520987b626bb8fe125969777a504a78de185bc46c226c1	archive	474340ccf615250c5f520987b626bb8fe125969777a504a78de185bc46c226c1	archival
docs/fixtures/humanmusic-cover/listening/swing-partial/transposed_faster.hearings.txt	166826	f56f51cbfba24c4b7b70ed5857fc068e47aba3e56909945c91f177d09e2c6c60	archive	f56f51cbfba24c4b7b70ed5857fc068e47aba3e56909945c91f177d09e2c6c60	archival
docs/fixtures/humanmusic-cover/listening/swing-partial/transposed_faster.notes.tsv	16902	a288046fc78a315ba075adbb4bea5d068f4b651d3f7237641a809a1fd6fe8c5e	archive	a288046fc78a315ba075adbb4bea5d068f4b651d3f7237641a809a1fd6fe8c5e	archival
docs/fixtures/humanmusic-cover/listening/swing-partial/transposed_faster.temporal.txt	86367	25055565f319ffc98dc6ce212c9c0c5a5b344b490b40181d338e175140368462	archive	25055565f319ffc98dc6ce212c9c0c5a5b344b490b40181d338e175140368462	archival
docs/fixtures/humanmusic-cover/listening/swing-partial/vapor.hearings.txt	167374	b41f1c57321ea58944781715c2d22b223aa48d33cfcbb94150da21bf109deba3	archive	b41f1c57321ea58944781715c2d22b223aa48d33cfcbb94150da21bf109deba3	archival
docs/fixtures/humanmusic-cover/listening/swing-partial/vapor.notes.tsv	16606	809ce1a5cf2cade06a043add955c6541c1cfdf41d5b85fb7606201a7483e10f4	archive	809ce1a5cf2cade06a043add955c6541c1cfdf41d5b85fb7606201a7483e10f4	archival
docs/fixtures/humanmusic-cover/listening/swing-partial/vapor.temporal.txt	85106	a07323b51f8a507496ed53c4d624c9db7ee3c5ad4620fd29c7c295dc2e0f39b3	archive	a07323b51f8a507496ed53c4d624c9db7ee3c5ad4620fd29c7c295dc2e0f39b3	archival
docs/fixtures/humanmusic-r11/all-features-concurrent-failure.txt	63530	917ab40c70a3834ceb6c079b09c099c400db4c732de056cb44353fe50225bfaf	archive	917ab40c70a3834ceb6c079b09c099c400db4c732de056cb44353fe50225bfaf	archival
docs/fixtures/humanmusic-r11/all-features-serial.txt	102502	0e30e26955330f2701b93b0fa6ad97db8689acc37ec44666c17cbf67f4210ea5	archive	0e30e26955330f2701b93b0fa6ad97db8689acc37ec44666c17cbf67f4210ea5	archival
docs/fixtures/humanmusic-r11/preflight.txt	1088	0b6344aa33561c853f82ecd5105c2023e98e7911179b0d4e319269538ae51486	archive	0b6344aa33561c853f82ecd5105c2023e98e7911179b0d4e319269538ae51486	archival+dup
docs/fixtures/humanmusic-r11/prior-fuzz-controls.txt	25602	3afebdf8a8385420997e80ab80f445152834115605353de2457e371596fe975b	archive	3afebdf8a8385420997e80ab80f445152834115605353de2457e371596fe975b	archival
docs/fixtures/humanmusic-r11/pty-isolated.txt	32455	c6d25238c0f316ad9347b4cb3a6e55def1533478adb6cee036f7b3328324d1c3	archive	c6d25238c0f316ad9347b4cb3a6e55def1533478adb6cee036f7b3328324d1c3	archival
docs/fixtures/humanmusic-r11/render.txt	20050	30b5155feb239f192f93b1588a2637556834d47c69b1efe53a7497ec94c3155b	archive	30b5155feb239f192f93b1588a2637556834d47c69b1efe53a7497ec94c3155b	archival
docs/fixtures/humanmusic-r11/stable_propulsion.trajectory.txt	4401	b18e434d3467958e19662fc11428a60d3790665dc68852061c86eb561d5f725f	archive	b18e434d3467958e19662fc11428a60d3790665dc68852061c86eb561d5f725f	archival+dup
docs/fixtures/humanmusic-r11/tension_deflection.trajectory.txt	3553	ba50a8a75ff77865ac518b8e88da4eb491c1e376953c1c7c7fe63b5273712611	archive	ba50a8a75ff77865ac518b8e88da4eb491c1e376953c1c7c7fe63b5273712611	archival+dup
docs/fixtures/humanmusic-r12/all-features-serial.txt	105997	192f0a702b68a983ac81621fafa1eda4817c03572f984e6f23e9157d42fdb152	archive	192f0a702b68a983ac81621fafa1eda4817c03572f984e6f23e9157d42fdb152	archival
docs/fixtures/humanmusic-r12/baseline/black_ice_deflected_r11.audit.txt	39396	e7396fb55f3ae55e6e054fc38c8fd3641e14d5d8a4ca34c0fcdb1ebe2658da6a	archive	e7396fb55f3ae55e6e054fc38c8fd3641e14d5d8a4ca34c0fcdb1ebe2658da6a	archival
docs/fixtures/humanmusic-r12/baseline/black_ice_deflected_r11.notes.tsv	31800	e5f8f415ca9f744848168ecaff1eff9afdb9cc46e1e8418c33f90b7344eb25ef	archive	e5f8f415ca9f744848168ecaff1eff9afdb9cc46e1e8418c33f90b7344eb25ef	archival+dup
docs/fixtures/humanmusic-r12/baseline/black_ice_stable_r11.audit.txt	30190	d8ef6dbbd474b9f045848cf1ebda5ef9973103bc28f0d859169ba66ed705e305	archive	d8ef6dbbd474b9f045848cf1ebda5ef9973103bc28f0d859169ba66ed705e305	archival+dup
docs/fixtures/humanmusic-r12/baseline/black_ice_stable_r11.notes.tsv	35887	3e8a4e05c8a01d522cc6adda226d23530eeea39f2793131f4094a482f8d2cdae	archive	3e8a4e05c8a01d522cc6adda226d23530eeea39f2793131f4094a482f8d2cdae	archival+dup
docs/fixtures/humanmusic-r12/baseline/swiss_deflected_r11.audit.txt	32376	e67a89324de1933bb7ef6a1bcdd1f7a1408f2b1699b92ac1d97351de904aecb8	archive	e67a89324de1933bb7ef6a1bcdd1f7a1408f2b1699b92ac1d97351de904aecb8	archival
docs/fixtures/humanmusic-r12/baseline/swiss_deflected_r11.notes.tsv	31837	2f633c9188cf24704d5ffcdad9718b2a691f8b66713b4dbe4c3ead5782fa8b4b	archive	2f633c9188cf24704d5ffcdad9718b2a691f8b66713b4dbe4c3ead5782fa8b4b	archival+dup
docs/fixtures/humanmusic-r12/baseline/swiss_stable_r11.audit.txt	30404	8f97c630d31b870d5739cdb6c6d464fa6af6a949c5479a9405879d921ec23c69	archive	8f97c630d31b870d5739cdb6c6d464fa6af6a949c5479a9405879d921ec23c69	archival+dup
docs/fixtures/humanmusic-r12/baseline/swiss_stable_r11.notes.tsv	35738	ba41b22535ee11221bdd497fa8f6dd3c65df4249ddeacd94721ce9cb4aa892ff	archive	ba41b22535ee11221bdd497fa8f6dd3c65df4249ddeacd94721ce9cb4aa892ff	archival+dup
docs/fixtures/humanmusic-r12/final/black_ice_deflected.good-paths.txt	16436	cf9d3785884ce2161eac5780faf0bcac3e705390d46a055d4249ca4e9c28925a	archive	cf9d3785884ce2161eac5780faf0bcac3e705390d46a055d4249ca4e9c28925a	archival
docs/fixtures/humanmusic-r12/final/black_ice_deflected_r11.audit.txt	40008	d849f9e11e9ca5ce5ed1a10cf6bcfa09d290e5852edcafa66ea97421ea46075a	archive	d849f9e11e9ca5ce5ed1a10cf6bcfa09d290e5852edcafa66ea97421ea46075a	archival
docs/fixtures/humanmusic-r12/final/black_ice_deflected_r11.notes.tsv	31800	e5f8f415ca9f744848168ecaff1eff9afdb9cc46e1e8418c33f90b7344eb25ef	archive	e5f8f415ca9f744848168ecaff1eff9afdb9cc46e1e8418c33f90b7344eb25ef	archival+dup
docs/fixtures/humanmusic-r12/final/black_ice_deflected_temporal.audit.txt	27619	f7019d733a8b4d79bf01659d3e0321f204a3f91d2cf61b70b024ed90a8f5a5fa	archive	f7019d733a8b4d79bf01659d3e0321f204a3f91d2cf61b70b024ed90a8f5a5fa	archival
docs/fixtures/humanmusic-r12/final/black_ice_deflected_temporal.notes.tsv	31721	561547351975e160ad8a9e77cea5e6e9624e20695e291f4ea6f033db48d24f67	archive	561547351975e160ad8a9e77cea5e6e9624e20695e291f4ea6f033db48d24f67	archival
docs/fixtures/humanmusic-r12/final/black_ice_stable.good-paths.txt	24017	f86964afbceaec73ba110024c4bdf38a71faa098ba8387acd5f34bcaa45f49f3	archive	f86964afbceaec73ba110024c4bdf38a71faa098ba8387acd5f34bcaa45f49f3	archival
docs/fixtures/humanmusic-r12/final/black_ice_stable_r11.audit.txt	30190	d8ef6dbbd474b9f045848cf1ebda5ef9973103bc28f0d859169ba66ed705e305	archive	d8ef6dbbd474b9f045848cf1ebda5ef9973103bc28f0d859169ba66ed705e305	archival+dup
docs/fixtures/humanmusic-r12/final/black_ice_stable_r11.notes.tsv	35887	3e8a4e05c8a01d522cc6adda226d23530eeea39f2793131f4094a482f8d2cdae	archive	3e8a4e05c8a01d522cc6adda226d23530eeea39f2793131f4094a482f8d2cdae	archival+dup
docs/fixtures/humanmusic-r12/final/black_ice_stable_temporal.audit.txt	24389	19d3069eb077e14c57df5b5a550b390ff5b315a6f3b7bf855b6258bc6878936b	archive	19d3069eb077e14c57df5b5a550b390ff5b315a6f3b7bf855b6258bc6878936b	archival
docs/fixtures/humanmusic-r12/final/black_ice_stable_temporal.notes.tsv	35868	543adbf7c849b267115001ffe80ece6a6d8c9deeba6d6b628d1f659ad4ff2e11	archive	543adbf7c849b267115001ffe80ece6a6d8c9deeba6d6b628d1f659ad4ff2e11	archival
docs/fixtures/humanmusic-r12/final/deflected.trajectory.txt	3553	ba50a8a75ff77865ac518b8e88da4eb491c1e376953c1c7c7fe63b5273712611	archive	ba50a8a75ff77865ac518b8e88da4eb491c1e376953c1c7c7fe63b5273712611	archival+dup
docs/fixtures/humanmusic-r12/final/stable.trajectory.txt	4401	b18e434d3467958e19662fc11428a60d3790665dc68852061c86eb561d5f725f	archive	b18e434d3467958e19662fc11428a60d3790665dc68852061c86eb561d5f725f	archival+dup
docs/fixtures/humanmusic-r12/final/swiss_deflected.good-paths.txt	19682	3c24e2889267fe430032cf6472393be831d4a240b2314379fc8aacf7a3579a17	archive	3c24e2889267fe430032cf6472393be831d4a240b2314379fc8aacf7a3579a17	archival
docs/fixtures/humanmusic-r12/final/swiss_deflected_r11.audit.txt	33714	196e9f04da9529a6b322f45b68709b074cfd2b87607e58b58e0025f17d9f797b	archive	196e9f04da9529a6b322f45b68709b074cfd2b87607e58b58e0025f17d9f797b	archival
docs/fixtures/humanmusic-r12/final/swiss_deflected_r11.notes.tsv	31837	2f633c9188cf24704d5ffcdad9718b2a691f8b66713b4dbe4c3ead5782fa8b4b	archive	2f633c9188cf24704d5ffcdad9718b2a691f8b66713b4dbe4c3ead5782fa8b4b	archival+dup
docs/fixtures/humanmusic-r12/final/swiss_deflected_temporal.audit.txt	21347	5c28f9c8685c5a29119a98843fb0ba7856de7d616a7e5eebe0e9e66745f051a7	archive	5c28f9c8685c5a29119a98843fb0ba7856de7d616a7e5eebe0e9e66745f051a7	archival
docs/fixtures/humanmusic-r12/final/swiss_deflected_temporal.notes.tsv	31802	c63331b612d0cf15615220fc14b071d0ffd4bae2e9cd902c18b012d6b6aadd2c	archive	c63331b612d0cf15615220fc14b071d0ffd4bae2e9cd902c18b012d6b6aadd2c	archival
docs/fixtures/humanmusic-r12/final/swiss_stable.good-paths.txt	22522	4fa850364f390a59a21544e000f60492bf473d5a4a5b08af47e3a32c7a15a2b6	archive	4fa850364f390a59a21544e000f60492bf473d5a4a5b08af47e3a32c7a15a2b6	archival
docs/fixtures/humanmusic-r12/final/swiss_stable_r11.audit.txt	30404	8f97c630d31b870d5739cdb6c6d464fa6af6a949c5479a9405879d921ec23c69	archive	8f97c630d31b870d5739cdb6c6d464fa6af6a949c5479a9405879d921ec23c69	archival+dup
docs/fixtures/humanmusic-r12/final/swiss_stable_r11.notes.tsv	35738	ba41b22535ee11221bdd497fa8f6dd3c65df4249ddeacd94721ce9cb4aa892ff	archive	ba41b22535ee11221bdd497fa8f6dd3c65df4249ddeacd94721ce9cb4aa892ff	archival+dup
docs/fixtures/humanmusic-r12/final/swiss_stable_temporal.audit.txt	22375	4dcab15dc6ff60170e8f66bfb7da6fb3620ce05db787a58f50c8764b49833494	archive	4dcab15dc6ff60170e8f66bfb7da6fb3620ce05db787a58f50c8764b49833494	archival
docs/fixtures/humanmusic-r12/final/swiss_stable_temporal.notes.tsv	35721	66cf746dc50d10957e319821f57cc51ea526d3b4f1e0b8802466359c7126d29c	archive	66cf746dc50d10957e319821f57cc51ea526d3b4f1e0b8802466359c7126d29c	archival
docs/fixtures/humanmusic-r12/preflight.txt	1088	0b6344aa33561c853f82ecd5105c2023e98e7911179b0d4e319269538ae51486	archive	0b6344aa33561c853f82ecd5105c2023e98e7911179b0d4e319269538ae51486	archival+dup
docs/fixtures/humanmusic-r12/prior-fuzz-controls.txt	24558	7dcf2a96f2ffe97c3d5a7e8f48fc7f7fafb573a095a539313e35312b6803a032	archive	7dcf2a96f2ffe97c3d5a7e8f48fc7f7fafb573a095a539313e35312b6803a032	archival
docs/fixtures/humanmusic-r12/render.txt	136230	248e71326ea278b12d005549acc37f3be9cce5760d3d2431d83e3104b6d30092	archive	248e71326ea278b12d005549acc37f3be9cce5760d3d2431d83e3104b6d30092	archival
docs/fixtures/humanmusic-r13/all-features-serial.txt	107126	861d6aa4892935d2929f716665a35b47276c19bf249f0eb0ad3a2eebcdf5799f	archive	861d6aa4892935d2929f716665a35b47276c19bf249f0eb0ad3a2eebcdf5799f	archival
docs/fixtures/humanmusic-r13/baseline/black_ice_deflected_r12.mass.txt	24376	40c7537ba84592cd605924fa68f97e7277f532b9e539d071265c4e2cb7b4000d	archive	40c7537ba84592cd605924fa68f97e7277f532b9e539d071265c4e2cb7b4000d	archival+dup
docs/fixtures/humanmusic-r13/baseline/black_ice_stable_r12.mass.txt	24473	922a0917c57c1e214a09a9b180b4ccf5e1cbf0f4f53e35f4f2410d22a9659606	archive	922a0917c57c1e214a09a9b180b4ccf5e1cbf0f4f53e35f4f2410d22a9659606	archival+dup
docs/fixtures/humanmusic-r13/baseline/swiss_deflected_r12.mass.txt	19753	2dc251af1c58de1636bf009ff2a57f2ef4fd94bbad21669020fd842e746bc808	archive	2dc251af1c58de1636bf009ff2a57f2ef4fd94bbad21669020fd842e746bc808	archival+dup
docs/fixtures/humanmusic-r13/baseline/swiss_stable_r12.around-44s.txt	16712	39446f19dba6ad598b8528fb1dc9851d70f1d15386ebb62f6b2e56cb7fdaf66a	archive	39446f19dba6ad598b8528fb1dc9851d70f1d15386ebb62f6b2e56cb7fdaf66a	archival
docs/fixtures/humanmusic-r13/baseline/swiss_stable_r12.mass.txt	17890	da4575252b7bfbc0903dc472c39ed3479df346d4791e289278a43869cbfa661a	archive	da4575252b7bfbc0903dc472c39ed3479df346d4791e289278a43869cbfa661a	archival+dup
docs/fixtures/humanmusic-r13/final/black_ice_deflected_r12.mass.txt	24376	40c7537ba84592cd605924fa68f97e7277f532b9e539d071265c4e2cb7b4000d	archive	40c7537ba84592cd605924fa68f97e7277f532b9e539d071265c4e2cb7b4000d	archival+dup
docs/fixtures/humanmusic-r13/final/black_ice_stable_r12.mass.txt	24473	922a0917c57c1e214a09a9b180b4ccf5e1cbf0f4f53e35f4f2410d22a9659606	archive	922a0917c57c1e214a09a9b180b4ccf5e1cbf0f4f53e35f4f2410d22a9659606	archival+dup
docs/fixtures/humanmusic-r13/final/deflected.trajectory.txt	3553	ba50a8a75ff77865ac518b8e88da4eb491c1e376953c1c7c7fe63b5273712611	archive	ba50a8a75ff77865ac518b8e88da4eb491c1e376953c1c7c7fe63b5273712611	archival+dup
docs/fixtures/humanmusic-r13/final/stable.trajectory.txt	4401	b18e434d3467958e19662fc11428a60d3790665dc68852061c86eb561d5f725f	archive	b18e434d3467958e19662fc11428a60d3790665dc68852061c86eb561d5f725f	archival+dup
docs/fixtures/humanmusic-r13/final/swiss_deflected_r12.mass.txt	19753	2dc251af1c58de1636bf009ff2a57f2ef4fd94bbad21669020fd842e746bc808	archive	2dc251af1c58de1636bf009ff2a57f2ef4fd94bbad21669020fd842e746bc808	archival+dup
docs/fixtures/humanmusic-r13/final/swiss_stable_r12.mass.txt	17890	da4575252b7bfbc0903dc472c39ed3479df346d4791e289278a43869cbfa661a	archive	da4575252b7bfbc0903dc472c39ed3479df346d4791e289278a43869cbfa661a	archival+dup
docs/fixtures/humanmusic-r13/prior-fuzz-controls.txt	24650	c6d679b8595cdc8a3c16d3c9644e27db08afe81acdf9cf76bebe9d0ef66ac31f	archive	c6d679b8595cdc8a3c16d3c9644e27db08afe81acdf9cf76bebe9d0ef66ac31f	archival
docs/fixtures/humanmusic-r13b/all-features-serial.txt	108339	c5c2927fa054dc52cf3451b1a796b6d598292aa5b562a43cc7e109898628f9cf	archive	c5c2927fa054dc52cf3451b1a796b6d598292aa5b562a43cc7e109898628f9cf	archival
docs/fixtures/humanmusic-r13b/final/black_ice_mass.chords.tsv	978	116d96504240b9565181738915f5084c462c36285f15c76afcc9b2473887d0ea	archive	116d96504240b9565181738915f5084c462c36285f15c76afcc9b2473887d0ea	archival+dup
docs/fixtures/humanmusic-r13b/final/black_ice_mass.notes.tsv	22730	a42b2c85d8f5fd3e496aca3bcb82f82f30adcac193c61c36953f649bc765db1d	archive	a42b2c85d8f5fd3e496aca3bcb82f82f30adcac193c61c36953f649bc765db1d	archival
docs/fixtures/humanmusic-r13b/final/black_ice_tension.chords.tsv	978	116d96504240b9565181738915f5084c462c36285f15c76afcc9b2473887d0ea	archive	116d96504240b9565181738915f5084c462c36285f15c76afcc9b2473887d0ea	archival+dup
docs/fixtures/humanmusic-r13b/final/black_ice_tension.notes.tsv	22730	41dc4140a8dd621dcccd2f36b949de30691c99b4b97ea2007e2972f32ca2b343	archive	41dc4140a8dd621dcccd2f36b949de30691c99b4b97ea2007e2972f32ca2b343	archival
docs/fixtures/humanmusic-r13b/final/swiss_mass.chords.tsv	966	109ecf7067c5612d3bea6e969d88b5a03d7f093d0e8408cedaadc31ff6a1fa87	archive	109ecf7067c5612d3bea6e969d88b5a03d7f093d0e8408cedaadc31ff6a1fa87	archival+dup
docs/fixtures/humanmusic-r13b/final/swiss_mass.notes.tsv	23201	a6c056e5e893f1312c13cfcf24914529db30213e99257cdd433241bc532fb554	archive	a6c056e5e893f1312c13cfcf24914529db30213e99257cdd433241bc532fb554	archival
docs/fixtures/humanmusic-r13b/final/swiss_tension.chords.tsv	966	109ecf7067c5612d3bea6e969d88b5a03d7f093d0e8408cedaadc31ff6a1fa87	archive	109ecf7067c5612d3bea6e969d88b5a03d7f093d0e8408cedaadc31ff6a1fa87	archival+dup
docs/fixtures/humanmusic-r13b/final/swiss_tension.notes.tsv	23000	fbc34a9ad003e30bc4c42f8f913a115fd5010c8c5605a4b186579ea3d61d84eb	archive	fbc34a9ad003e30bc4c42f8f913a115fd5010c8c5605a4b186579ea3d61d84eb	archival
docs/fixtures/humanmusic-r13b/fuzz.txt	25221	4ca166c98d8a550b1f3075763cae9664b72cc798704600e4104165489f32f7f6	archive	4ca166c98d8a550b1f3075763cae9664b72cc798704600e4104165489f32f7f6	archival
docs/fixtures/humanmusic-r14/all-features-serial.txt	110938	81952669ba1eb28295f813dc445a31a5d82eba3605c93bb6cb55c2941925ce09	archive	81952669ba1eb28295f813dc445a31a5d82eba3605c93bb6cb55c2941925ce09	archival
docs/fixtures/humanmusic-r14/final/black_ice_r12.gesture.txt	172	9701ba1e4928a3f81fc468922a2f5c4b43c5074905b348f9db32cdd220a4385b	archive	9701ba1e4928a3f81fc468922a2f5c4b43c5074905b348f9db32cdd220a4385b	archival+dup
docs/fixtures/humanmusic-r14/final/black_ice_r12.identity.txt	11123	c2aa8c572b8a4610a874e6964098eb62926b302edc76b1fa143ada3ddded9d66	archive	c2aa8c572b8a4610a874e6964098eb62926b302edc76b1fa143ada3ddded9d66	archival+dup
docs/fixtures/humanmusic-r14/final/black_ice_r13.gesture.txt	172	9701ba1e4928a3f81fc468922a2f5c4b43c5074905b348f9db32cdd220a4385b	archive	9701ba1e4928a3f81fc468922a2f5c4b43c5074905b348f9db32cdd220a4385b	archival+dup
docs/fixtures/humanmusic-r14/final/black_ice_r13.identity.txt	10669	fcb1b6ca794479852eca7cc14bcc01b24cffb89aa8acb8016bff3a386dfd4d75	archive	fcb1b6ca794479852eca7cc14bcc01b24cffb89aa8acb8016bff3a386dfd4d75	archival+dup
docs/fixtures/humanmusic-r14/final/black_ice_r13b.gesture.txt	172	9701ba1e4928a3f81fc468922a2f5c4b43c5074905b348f9db32cdd220a4385b	archive	9701ba1e4928a3f81fc468922a2f5c4b43c5074905b348f9db32cdd220a4385b	archival+dup
docs/fixtures/humanmusic-r14/final/black_ice_r13b.identity.txt	10835	b151c34078d8fbe81f1e49a08d2a83f5a8eeb89790de471f2eed1b4f823bf192	archive	b151c34078d8fbe81f1e49a08d2a83f5a8eeb89790de471f2eed1b4f823bf192	archival+dup
docs/fixtures/humanmusic-r14/final/black_ice_r14.gesture.txt	172	9701ba1e4928a3f81fc468922a2f5c4b43c5074905b348f9db32cdd220a4385b	archive	9701ba1e4928a3f81fc468922a2f5c4b43c5074905b348f9db32cdd220a4385b	archival+dup
docs/fixtures/humanmusic-r14/final/black_ice_r14.identity.txt	765	f4c642be3ec9b71470cf4677046b633868033a7ff97b979541259cef24f07810	archive	f4c642be3ec9b71470cf4677046b633868033a7ff97b979541259cef24f07810	archival+dup
docs/fixtures/humanmusic-r14/final/swiss_r12.gesture.txt	172	9701ba1e4928a3f81fc468922a2f5c4b43c5074905b348f9db32cdd220a4385b	archive	9701ba1e4928a3f81fc468922a2f5c4b43c5074905b348f9db32cdd220a4385b	archival+dup
docs/fixtures/humanmusic-r14/final/swiss_r12.identity.txt	2740	712a46d4439214f13abf758ee7b9d6bb718efe222aa1056718135eb2eb575de7	archive	712a46d4439214f13abf758ee7b9d6bb718efe222aa1056718135eb2eb575de7	archival+dup
docs/fixtures/humanmusic-r14/final/swiss_r13.gesture.txt	172	9701ba1e4928a3f81fc468922a2f5c4b43c5074905b348f9db32cdd220a4385b	archive	9701ba1e4928a3f81fc468922a2f5c4b43c5074905b348f9db32cdd220a4385b	archival+dup
docs/fixtures/humanmusic-r14/final/swiss_r13.identity.txt	2740	0aa54b1131d34e8e83789cc0bcdfa3cf9012d4b23d0c6ce134d106e5c944ee9b	archive	0aa54b1131d34e8e83789cc0bcdfa3cf9012d4b23d0c6ce134d106e5c944ee9b	archival+dup
docs/fixtures/humanmusic-r14/final/swiss_r13b.gesture.txt	172	9701ba1e4928a3f81fc468922a2f5c4b43c5074905b348f9db32cdd220a4385b	archive	9701ba1e4928a3f81fc468922a2f5c4b43c5074905b348f9db32cdd220a4385b	archival+dup
docs/fixtures/humanmusic-r14/final/swiss_r13b.identity.txt	4526	ea54879c1ec915d4788c3deaffaae5ac6d5b390b365224575c8f9d8a75c86bc8	archive	ea54879c1ec915d4788c3deaffaae5ac6d5b390b365224575c8f9d8a75c86bc8	archival+dup
docs/fixtures/humanmusic-r14/final/swiss_r14.gesture.txt	172	9701ba1e4928a3f81fc468922a2f5c4b43c5074905b348f9db32cdd220a4385b	archive	9701ba1e4928a3f81fc468922a2f5c4b43c5074905b348f9db32cdd220a4385b	archival+dup
docs/fixtures/humanmusic-r14/final/swiss_r14.identity.txt	417	6b94ffbd154d514e1bfd52c6796d4b0b687f985eb12ebe504f14820ca16cd7af	archive	6b94ffbd154d514e1bfd52c6796d4b0b687f985eb12ebe504f14820ca16cd7af	archival+dup
docs/fixtures/humanmusic-r14/frozen/black_ice_r12.identity.txt	11123	c2aa8c572b8a4610a874e6964098eb62926b302edc76b1fa143ada3ddded9d66	archive	c2aa8c572b8a4610a874e6964098eb62926b302edc76b1fa143ada3ddded9d66	archival+dup
docs/fixtures/humanmusic-r14/frozen/black_ice_r13.identity.txt	10669	fcb1b6ca794479852eca7cc14bcc01b24cffb89aa8acb8016bff3a386dfd4d75	archive	fcb1b6ca794479852eca7cc14bcc01b24cffb89aa8acb8016bff3a386dfd4d75	archival+dup
docs/fixtures/humanmusic-r14/frozen/black_ice_r13b.identity.txt	10835	b151c34078d8fbe81f1e49a08d2a83f5a8eeb89790de471f2eed1b4f823bf192	archive	b151c34078d8fbe81f1e49a08d2a83f5a8eeb89790de471f2eed1b4f823bf192	archival+dup
docs/fixtures/humanmusic-r14/frozen/swiss_r12.identity.txt	2740	712a46d4439214f13abf758ee7b9d6bb718efe222aa1056718135eb2eb575de7	archive	712a46d4439214f13abf758ee7b9d6bb718efe222aa1056718135eb2eb575de7	archival+dup
docs/fixtures/humanmusic-r14/frozen/swiss_r13.gesture.txt	10350	9e35603513b6d9e22697c16183db597ab0ae57285caf2f4a4ca2bd1767f3b002	archive	9e35603513b6d9e22697c16183db597ab0ae57285caf2f4a4ca2bd1767f3b002	archival+dup
docs/fixtures/humanmusic-r14/frozen/swiss_r13.identity.txt	2740	0aa54b1131d34e8e83789cc0bcdfa3cf9012d4b23d0c6ce134d106e5c944ee9b	archive	0aa54b1131d34e8e83789cc0bcdfa3cf9012d4b23d0c6ce134d106e5c944ee9b	archival+dup
docs/fixtures/humanmusic-r14/frozen/swiss_r13b.gesture.txt	10350	9e35603513b6d9e22697c16183db597ab0ae57285caf2f4a4ca2bd1767f3b002	archive	9e35603513b6d9e22697c16183db597ab0ae57285caf2f4a4ca2bd1767f3b002	archival+dup
docs/fixtures/humanmusic-r14/frozen/swiss_r13b.identity.txt	4526	ea54879c1ec915d4788c3deaffaae5ac6d5b390b365224575c8f9d8a75c86bc8	archive	ea54879c1ec915d4788c3deaffaae5ac6d5b390b365224575c8f9d8a75c86bc8	archival+dup
docs/fixtures/humanmusic-r14/fuzz.txt	35340	74445b229223d6f982ee885f2754298b9a1606a5f2096735b5008f0f59f7b397	archive	74445b229223d6f982ee885f2754298b9a1606a5f2096735b5008f0f59f7b397	archival
docs/fixtures/humanmusic-r15/all-features.txt	110746	d2bdad0ce3d9d35ed109388b5164a7cee4e1fa93273dc76b3dca62942edbb6f5	archive	d2bdad0ce3d9d35ed109388b5164a7cee4e1fa93273dc76b3dca62942edbb6f5	archival
docs/fixtures/humanmusic-r15/concurrent-all-features-failure.txt	97656	e58bfc8097ae5ce778a9464b2a5343f09e452610898e799f39f89fd0d41493ee	archive	e58bfc8097ae5ce778a9464b2a5343f09e452610898e799f39f89fd0d41493ee	archival
docs/fixtures/humanmusic-r15/final/black_ice.decisions.txt	56156	3ebba6e4247c21dd43cff63e10ad72226027c6b2233c6227985260bd055cb50f	archive	3ebba6e4247c21dd43cff63e10ad72226027c6b2233c6227985260bd055cb50f	archival
docs/fixtures/humanmusic-r15/final/black_ice_expressive.conformance.txt	138	a92685e0e1784822262be537a2cbb37516ac4bd66d6a4fb2f1bb22aecfb4af1e	inplace	docs/fixtures/humanmusic-r17/final/black_ice_r17.conformance.txt	duplicate
docs/fixtures/humanmusic-r15/final/black_ice_expressive.expression.txt	13865	b4f1ae74335bd991e3ef5222692db2678ee6365c7aec7870fd005f1eacc9cd31	archive	b4f1ae74335bd991e3ef5222692db2678ee6365c7aec7870fd005f1eacc9cd31	archival+dup
docs/fixtures/humanmusic-r15/final/black_ice_expressive.hearings.txt	33659	7acc6739b76c8ecfa49b108cd45e3e3c850aee85ab186d0c8a7f45d906700d2b	archive	7acc6739b76c8ecfa49b108cd45e3e3c850aee85ab186d0c8a7f45d906700d2b	archival+dup
docs/fixtures/humanmusic-r15/final/black_ice_expressive.identity.txt	1027	59dd5c72440f0d27150f592ce45e3301982c841b21ebc044fbe99d01436ca68c	archive	59dd5c72440f0d27150f592ce45e3301982c841b21ebc044fbe99d01436ca68c	archival+dup
docs/fixtures/humanmusic-r15/final/black_ice_expressive.notes.txt	226274	7eb67d950cd883e0ba013473df387199a397da54734da9279a10783528ba7c4f	archive	7eb67d950cd883e0ba013473df387199a397da54734da9279a10783528ba7c4f	archival+dup
docs/fixtures/humanmusic-r15/final/black_ice_expressive.receipts.txt	11396	3fff2ee731f3f998b916905b30c2285bc8c25bf7b3c403bab8a447c1d3139708	archive	3fff2ee731f3f998b916905b30c2285bc8c25bf7b3c403bab8a447c1d3139708	archival+dup
docs/fixtures/humanmusic-r15/final/black_ice_r14.conformance.txt	138	a92685e0e1784822262be537a2cbb37516ac4bd66d6a4fb2f1bb22aecfb4af1e	inplace	docs/fixtures/humanmusic-r17/final/black_ice_r17.conformance.txt	duplicate
docs/fixtures/humanmusic-r15/final/black_ice_r14.expression.txt	14527	396d644edee9dc4e3d11c6f2a29e61e24a98f7b88e98371bb33a3a4081ae69bb	archive	396d644edee9dc4e3d11c6f2a29e61e24a98f7b88e98371bb33a3a4081ae69bb	archival+dup
docs/fixtures/humanmusic-r15/final/black_ice_r14.hearings.txt	25240	a6521910a1195f442db5994d24d665fe51133cb022f7fdd75677435111e6fe0c	archive	a6521910a1195f442db5994d24d665fe51133cb022f7fdd75677435111e6fe0c	archival+dup
docs/fixtures/humanmusic-r15/final/black_ice_r14.identity.txt	765	f4c642be3ec9b71470cf4677046b633868033a7ff97b979541259cef24f07810	archive	f4c642be3ec9b71470cf4677046b633868033a7ff97b979541259cef24f07810	archival+dup
docs/fixtures/humanmusic-r15/final/black_ice_r14.notes.txt	221380	2e7887f77f315b9bac7508c0bd3820139ca41064e913589e8e6ca95097c436cf	archive	2e7887f77f315b9bac7508c0bd3820139ca41064e913589e8e6ca95097c436cf	archival+dup
docs/fixtures/humanmusic-r15/final/black_ice_r14.receipts.txt	11396	3fff2ee731f3f998b916905b30c2285bc8c25bf7b3c403bab8a447c1d3139708	archive	3fff2ee731f3f998b916905b30c2285bc8c25bf7b3c403bab8a447c1d3139708	archival+dup
docs/fixtures/humanmusic-r15/final/swiss_expressive.conformance.txt	138	a92685e0e1784822262be537a2cbb37516ac4bd66d6a4fb2f1bb22aecfb4af1e	inplace	docs/fixtures/humanmusic-r17/final/black_ice_r17.conformance.txt	duplicate
docs/fixtures/humanmusic-r15/final/swiss_expressive.expression.txt	14857	23896cabbd069451b776471bfb5a18ed9d9b135675e0389491bf7a3b7ba0c902	archive	23896cabbd069451b776471bfb5a18ed9d9b135675e0389491bf7a3b7ba0c902	archival+dup
docs/fixtures/humanmusic-r15/final/swiss_expressive.hearings.txt	30951	63c9f1424545a451e348dfda5e9783a330e69f717bc165c9ab512c0d72132950	inplace	docs/fixtures/humanmusic-r17/final/swiss_r17.hearings.txt	duplicate
docs/fixtures/humanmusic-r15/final/swiss_expressive.identity.txt	417	6b94ffbd154d514e1bfd52c6796d4b0b687f985eb12ebe504f14820ca16cd7af	archive	6b94ffbd154d514e1bfd52c6796d4b0b687f985eb12ebe504f14820ca16cd7af	archival+dup
docs/fixtures/humanmusic-r15/final/swiss_expressive.notes.txt	221221	e3e4c0d9a812198f4525603fefd1909ea484b1a5681f627e31a4fa517efb9f9d	archive	e3e4c0d9a812198f4525603fefd1909ea484b1a5681f627e31a4fa517efb9f9d	archival+dup
docs/fixtures/humanmusic-r15/final/swiss_expressive.receipts.txt	11396	3fff2ee731f3f998b916905b30c2285bc8c25bf7b3c403bab8a447c1d3139708	archive	3fff2ee731f3f998b916905b30c2285bc8c25bf7b3c403bab8a447c1d3139708	archival+dup
docs/fixtures/humanmusic-r15/final/swiss_r14.conformance.txt	138	a92685e0e1784822262be537a2cbb37516ac4bd66d6a4fb2f1bb22aecfb4af1e	inplace	docs/fixtures/humanmusic-r17/final/black_ice_r17.conformance.txt	duplicate
docs/fixtures/humanmusic-r15/final/swiss_r14.expression.txt	14857	23896cabbd069451b776471bfb5a18ed9d9b135675e0389491bf7a3b7ba0c902	archive	23896cabbd069451b776471bfb5a18ed9d9b135675e0389491bf7a3b7ba0c902	archival+dup
docs/fixtures/humanmusic-r15/final/swiss_r14.hearings.txt	25100	cb7ceb52d8f1ee9cba3023927b7aa0f8c75d46b8eb69e7bef27ebb02c4d7dc30	archive	cb7ceb52d8f1ee9cba3023927b7aa0f8c75d46b8eb69e7bef27ebb02c4d7dc30	archival+dup
docs/fixtures/humanmusic-r15/final/swiss_r14.identity.txt	417	6b94ffbd154d514e1bfd52c6796d4b0b687f985eb12ebe504f14820ca16cd7af	archive	6b94ffbd154d514e1bfd52c6796d4b0b687f985eb12ebe504f14820ca16cd7af	archival+dup
docs/fixtures/humanmusic-r15/final/swiss_r14.notes.txt	221221	e3e4c0d9a812198f4525603fefd1909ea484b1a5681f627e31a4fa517efb9f9d	archive	e3e4c0d9a812198f4525603fefd1909ea484b1a5681f627e31a4fa517efb9f9d	archival+dup
docs/fixtures/humanmusic-r15/final/swiss_r14.receipts.txt	11396	3fff2ee731f3f998b916905b30c2285bc8c25bf7b3c403bab8a447c1d3139708	archive	3fff2ee731f3f998b916905b30c2285bc8c25bf7b3c403bab8a447c1d3139708	archival+dup
docs/fixtures/humanmusic-r15/frozen-ruler.txt	30049	e2c95eb510e120274813be9248629f6ef7bf1961ddb55fd01ba9002cc3ca6776	archive	e2c95eb510e120274813be9248629f6ef7bf1961ddb55fd01ba9002cc3ca6776	archival
docs/fixtures/humanmusic-r15/preflight.txt	1088	0b6344aa33561c853f82ecd5105c2023e98e7911179b0d4e319269538ae51486	archive	0b6344aa33561c853f82ecd5105c2023e98e7911179b0d4e319269538ae51486	archival+dup
docs/fixtures/humanmusic-r16/all-features.txt	114931	19f0bf5da8fd33ee70d24d921a348984011ec9e15e75f919d1c0d83aa8e98a1a	archive	19f0bf5da8fd33ee70d24d921a348984011ec9e15e75f919d1c0d83aa8e98a1a	archival
docs/fixtures/humanmusic-r16/final/black_ice.r14-r16.perturbation.txt	42801	e01d2d3855aaa953c08dc04b31ab58f856b6e60589e9c7b29b0479a96978c742	archive	e01d2d3855aaa953c08dc04b31ab58f856b6e60589e9c7b29b0479a96978c742	archival+dup
docs/fixtures/humanmusic-r16/final/black_ice.r15-r16.perturbation.txt	54326	5662b0a70c3d3ed62d581939ee483100b714418fac87e08998a2b5a2ef815516	archive	5662b0a70c3d3ed62d581939ee483100b714418fac87e08998a2b5a2ef815516	archival
docs/fixtures/humanmusic-r16/final/black_ice_r14.actions.txt	11395	e437da874bdc391f41a011ae3a8d41d085f4565db2649e61fab25a3c498954d8	inplace	docs/fixtures/humanmusic-r17/final/black_ice_r17.actions.txt	duplicate
docs/fixtures/humanmusic-r16/final/black_ice_r14.conformance.txt	138	a92685e0e1784822262be537a2cbb37516ac4bd66d6a4fb2f1bb22aecfb4af1e	inplace	docs/fixtures/humanmusic-r17/final/black_ice_r17.conformance.txt	duplicate
docs/fixtures/humanmusic-r16/final/black_ice_r14.drums.txt	211479	64a5c4dd715b6bd2c610b7629643bc22025383c6a8bc5f30c7b76c0e73606a9a	archive	64a5c4dd715b6bd2c610b7629643bc22025383c6a8bc5f30c7b76c0e73606a9a	archival+dup
docs/fixtures/humanmusic-r16/final/black_ice_r14.expression.txt	14527	396d644edee9dc4e3d11c6f2a29e61e24a98f7b88e98371bb33a3a4081ae69bb	archive	396d644edee9dc4e3d11c6f2a29e61e24a98f7b88e98371bb33a3a4081ae69bb	archival+dup
docs/fixtures/humanmusic-r16/final/black_ice_r14.hearings.txt	25240	a6521910a1195f442db5994d24d665fe51133cb022f7fdd75677435111e6fe0c	archive	a6521910a1195f442db5994d24d665fe51133cb022f7fdd75677435111e6fe0c	archival+dup
docs/fixtures/humanmusic-r16/final/black_ice_r14.identity.txt	765	f4c642be3ec9b71470cf4677046b633868033a7ff97b979541259cef24f07810	archive	f4c642be3ec9b71470cf4677046b633868033a7ff97b979541259cef24f07810	archival+dup
docs/fixtures/humanmusic-r16/final/black_ice_r14.notes.txt	221380	2e7887f77f315b9bac7508c0bd3820139ca41064e913589e8e6ca95097c436cf	archive	2e7887f77f315b9bac7508c0bd3820139ca41064e913589e8e6ca95097c436cf	archival+dup
docs/fixtures/humanmusic-r16/final/black_ice_r14.occupancy.txt	2	4f53cda18c2baa0c0354bb5f9a3ecbe5ed12ab4d8e11ba873c2f11161202b945	inplace	docs/fixtures/humanmusic-r17/final/swiss_r17.continuity_links.txt	duplicate
docs/fixtures/humanmusic-r16/final/black_ice_r14.phrase.txt	263110	5bf5b1f479589fcacbddc99e6039a6f7adf4047e0a4f0d4b019b103d5d7586e6	archive	5bf5b1f479589fcacbddc99e6039a6f7adf4047e0a4f0d4b019b103d5d7586e6	archival+dup
docs/fixtures/humanmusic-r16/final/black_ice_r14.phrase_plans.txt	2	4f53cda18c2baa0c0354bb5f9a3ecbe5ed12ab4d8e11ba873c2f11161202b945	inplace	docs/fixtures/humanmusic-r17/final/swiss_r17.continuity_links.txt	duplicate
docs/fixtures/humanmusic-r16/final/black_ice_r14.voicing.txt	472420	01ada0c10b33167a5f57c5cf99f8759d86d00ee20fb29619baed7c119859fb21	archive	01ada0c10b33167a5f57c5cf99f8759d86d00ee20fb29619baed7c119859fb21	archival+dup
docs/fixtures/humanmusic-r16/final/black_ice_r15.actions.txt	11395	e437da874bdc391f41a011ae3a8d41d085f4565db2649e61fab25a3c498954d8	inplace	docs/fixtures/humanmusic-r17/final/black_ice_r17.actions.txt	duplicate
docs/fixtures/humanmusic-r16/final/black_ice_r15.conformance.txt	138	a92685e0e1784822262be537a2cbb37516ac4bd66d6a4fb2f1bb22aecfb4af1e	inplace	docs/fixtures/humanmusic-r17/final/black_ice_r17.conformance.txt	duplicate
docs/fixtures/humanmusic-r16/final/black_ice_r15.drums.txt	211491	2a1b85ff3bfdf64945be215ba982cb2497f75a8355ea3a47e7da9ff5989d84c1	archive	2a1b85ff3bfdf64945be215ba982cb2497f75a8355ea3a47e7da9ff5989d84c1	archival
docs/fixtures/humanmusic-r16/final/black_ice_r15.expression.txt	13865	b4f1ae74335bd991e3ef5222692db2678ee6365c7aec7870fd005f1eacc9cd31	archive	b4f1ae74335bd991e3ef5222692db2678ee6365c7aec7870fd005f1eacc9cd31	archival+dup
docs/fixtures/humanmusic-r16/final/black_ice_r15.hearings.txt	33659	7acc6739b76c8ecfa49b108cd45e3e3c850aee85ab186d0c8a7f45d906700d2b	archive	7acc6739b76c8ecfa49b108cd45e3e3c850aee85ab186d0c8a7f45d906700d2b	archival+dup
docs/fixtures/humanmusic-r16/final/black_ice_r15.identity.txt	1027	59dd5c72440f0d27150f592ce45e3301982c841b21ebc044fbe99d01436ca68c	archive	59dd5c72440f0d27150f592ce45e3301982c841b21ebc044fbe99d01436ca68c	archival+dup
docs/fixtures/humanmusic-r16/final/black_ice_r15.notes.txt	226274	7eb67d950cd883e0ba013473df387199a397da54734da9279a10783528ba7c4f	archive	7eb67d950cd883e0ba013473df387199a397da54734da9279a10783528ba7c4f	archival+dup
docs/fixtures/humanmusic-r16/final/black_ice_r15.occupancy.txt	2	4f53cda18c2baa0c0354bb5f9a3ecbe5ed12ab4d8e11ba873c2f11161202b945	inplace	docs/fixtures/humanmusic-r17/final/swiss_r17.continuity_links.txt	duplicate
docs/fixtures/humanmusic-r16/final/black_ice_r15.phrase.txt	275545	311b21bc3867ed85ff04190689642b20131d006d30725d8d7d29b080d1488ae1	archive	311b21bc3867ed85ff04190689642b20131d006d30725d8d7d29b080d1488ae1	archival
docs/fixtures/humanmusic-r16/final/black_ice_r15.phrase_plans.txt	2	4f53cda18c2baa0c0354bb5f9a3ecbe5ed12ab4d8e11ba873c2f11161202b945	inplace	docs/fixtures/humanmusic-r17/final/swiss_r17.continuity_links.txt	duplicate
docs/fixtures/humanmusic-r16/final/black_ice_r15.voicing.txt	453300	78bccbcf995f2aed687c280e6840b29ae46803e0bca2108d32c5d45fb68fcbb3	archive	78bccbcf995f2aed687c280e6840b29ae46803e0bca2108d32c5d45fb68fcbb3	archival
docs/fixtures/humanmusic-r16/final/black_ice_r16.actions.txt	11395	e437da874bdc391f41a011ae3a8d41d085f4565db2649e61fab25a3c498954d8	inplace	docs/fixtures/humanmusic-r17/final/black_ice_r17.actions.txt	duplicate
docs/fixtures/humanmusic-r16/final/black_ice_r16.conformance.txt	138	a92685e0e1784822262be537a2cbb37516ac4bd66d6a4fb2f1bb22aecfb4af1e	inplace	docs/fixtures/humanmusic-r17/final/black_ice_r17.conformance.txt	duplicate
docs/fixtures/humanmusic-r16/final/black_ice_r16.drums.txt	211479	ed229e082a3f226bf0562d46801e2d8f620d94846a05366ab436154301a8ffe6	archive	ed229e082a3f226bf0562d46801e2d8f620d94846a05366ab436154301a8ffe6	archival+dup
docs/fixtures/humanmusic-r16/final/black_ice_r16.expression.txt	12718	1ad0213ef247dce4d18abd2fd1a7703339fe346762256413246d4cfab8bef5e7	archive	1ad0213ef247dce4d18abd2fd1a7703339fe346762256413246d4cfab8bef5e7	archival+dup
docs/fixtures/humanmusic-r16/final/black_ice_r16.hearings.txt	31073	659f9bda712aaafbc2e1e60cd3b129ae46ac3a9a06156cc189c9d824c57f4962	archive	659f9bda712aaafbc2e1e60cd3b129ae46ac3a9a06156cc189c9d824c57f4962	archival+dup
docs/fixtures/humanmusic-r16/final/black_ice_r16.identity.txt	765	f4a154f14e2f878034f97a8790b4787b846e4026d2a67381f4bf598d8baf22e7	archive	f4a154f14e2f878034f97a8790b4787b846e4026d2a67381f4bf598d8baf22e7	archival+dup
docs/fixtures/humanmusic-r16/final/black_ice_r16.notes.txt	220018	74fc23b6aab2356e40f022b4b0526c0cb048cd729785a78f912b80dfdbc5defa	archive	74fc23b6aab2356e40f022b4b0526c0cb048cd729785a78f912b80dfdbc5defa	archival+dup
docs/fixtures/humanmusic-r16/final/black_ice_r16.occupancy.txt	117760	f3539c79fc9e2816bc58eb6ee4d4d261c2f4f4cc9dee3572fb693464f1094e36	archive	f3539c79fc9e2816bc58eb6ee4d4d261c2f4f4cc9dee3572fb693464f1094e36	archival+dup
docs/fixtures/humanmusic-r16/final/black_ice_r16.phrase.txt	263216	ee51d112bd7167f4c092c22559933a1484908b69f4e719b1c632c42c692bf320	archive	ee51d112bd7167f4c092c22559933a1484908b69f4e719b1c632c42c692bf320	archival+dup
docs/fixtures/humanmusic-r16/final/black_ice_r16.phrase_plans.txt	165823	ec1a4ad3e5f884955d2125243e0cf9aba90f005c65051a4a7a519fe65893ab5b	archive	ec1a4ad3e5f884955d2125243e0cf9aba90f005c65051a4a7a519fe65893ab5b	archival+dup
docs/fixtures/humanmusic-r16/final/black_ice_r16.voicing.txt	444351	b39167c3bd5cd8a94c70e3483c04418cfeeb1345658d5668bbfad8ba7be1a806	archive	b39167c3bd5cd8a94c70e3483c04418cfeeb1345658d5668bbfad8ba7be1a806	archival+dup
docs/fixtures/humanmusic-r16/final/provenance.json	865	3ec6c94f56a62bd8c66a9cc1a1c25f95879083175f394da15957bd25c3e0bacd	archive	3ec6c94f56a62bd8c66a9cc1a1c25f95879083175f394da15957bd25c3e0bacd	archival+dup
docs/fixtures/humanmusic-r16/final/summary.txt	636	d143700c1f74ceb9e3bd9dee5db1cf1c7ca16cb2fd2d4282a106a1e38ac2ca91	archive	d143700c1f74ceb9e3bd9dee5db1cf1c7ca16cb2fd2d4282a106a1e38ac2ca91	archival+dup
docs/fixtures/humanmusic-r16/final/swiss.r14-r16.perturbation.txt	6273	9a71a263fa76a6477dfa97d9056b7b58e654c41b7a616c133bb62e91f8de1e62	archive	9a71a263fa76a6477dfa97d9056b7b58e654c41b7a616c133bb62e91f8de1e62	archival+dup
docs/fixtures/humanmusic-r16/final/swiss.r15-r16.perturbation.txt	6273	9a71a263fa76a6477dfa97d9056b7b58e654c41b7a616c133bb62e91f8de1e62	archive	9a71a263fa76a6477dfa97d9056b7b58e654c41b7a616c133bb62e91f8de1e62	archival+dup
docs/fixtures/humanmusic-r16/final/swiss_r14.actions.txt	11395	e437da874bdc391f41a011ae3a8d41d085f4565db2649e61fab25a3c498954d8	inplace	docs/fixtures/humanmusic-r17/final/black_ice_r17.actions.txt	duplicate
docs/fixtures/humanmusic-r16/final/swiss_r14.conformance.txt	138	a92685e0e1784822262be537a2cbb37516ac4bd66d6a4fb2f1bb22aecfb4af1e	inplace	docs/fixtures/humanmusic-r17/final/black_ice_r17.conformance.txt	duplicate
docs/fixtures/humanmusic-r16/final/swiss_r14.drums.txt	177457	6f35e824cdec46c48d3346b9d02042b0665257009a19e361cbd000fdcf4b25c4	inplace	docs/fixtures/humanmusic-r17/final/swiss_r17.drums.txt	duplicate
docs/fixtures/humanmusic-r16/final/swiss_r14.expression.txt	14857	23896cabbd069451b776471bfb5a18ed9d9b135675e0389491bf7a3b7ba0c902	archive	23896cabbd069451b776471bfb5a18ed9d9b135675e0389491bf7a3b7ba0c902	archival+dup
docs/fixtures/humanmusic-r16/final/swiss_r14.hearings.txt	25100	cb7ceb52d8f1ee9cba3023927b7aa0f8c75d46b8eb69e7bef27ebb02c4d7dc30	archive	cb7ceb52d8f1ee9cba3023927b7aa0f8c75d46b8eb69e7bef27ebb02c4d7dc30	archival+dup
docs/fixtures/humanmusic-r16/final/swiss_r14.identity.txt	417	6b94ffbd154d514e1bfd52c6796d4b0b687f985eb12ebe504f14820ca16cd7af	archive	6b94ffbd154d514e1bfd52c6796d4b0b687f985eb12ebe504f14820ca16cd7af	archival+dup
docs/fixtures/humanmusic-r16/final/swiss_r14.notes.txt	221221	e3e4c0d9a812198f4525603fefd1909ea484b1a5681f627e31a4fa517efb9f9d	archive	e3e4c0d9a812198f4525603fefd1909ea484b1a5681f627e31a4fa517efb9f9d	archival+dup
docs/fixtures/humanmusic-r16/final/swiss_r14.occupancy.txt	2	4f53cda18c2baa0c0354bb5f9a3ecbe5ed12ab4d8e11ba873c2f11161202b945	inplace	docs/fixtures/humanmusic-r17/final/swiss_r17.continuity_links.txt	duplicate
docs/fixtures/humanmusic-r16/final/swiss_r14.phrase.txt	262641	a432fb65d3ef125bf271ca5ee95527daec1e92d166d18296212d47e2836bf28c	inplace	docs/fixtures/humanmusic-r17/final/swiss_r17.phrase.txt	duplicate
docs/fixtures/humanmusic-r16/final/swiss_r14.phrase_plans.txt	2	4f53cda18c2baa0c0354bb5f9a3ecbe5ed12ab4d8e11ba873c2f11161202b945	inplace	docs/fixtures/humanmusic-r17/final/swiss_r17.continuity_links.txt	duplicate
docs/fixtures/humanmusic-r16/final/swiss_r14.voicing.txt	477867	944618cf112be1000998e68b07328084e4807ea9b32fa48d371328a8df41e7ae	archive	944618cf112be1000998e68b07328084e4807ea9b32fa48d371328a8df41e7ae	archival+dup
docs/fixtures/humanmusic-r16/final/swiss_r15.actions.txt	11395	e437da874bdc391f41a011ae3a8d41d085f4565db2649e61fab25a3c498954d8	inplace	docs/fixtures/humanmusic-r17/final/black_ice_r17.actions.txt	duplicate
docs/fixtures/humanmusic-r16/final/swiss_r15.conformance.txt	138	a92685e0e1784822262be537a2cbb37516ac4bd66d6a4fb2f1bb22aecfb4af1e	inplace	docs/fixtures/humanmusic-r17/final/black_ice_r17.conformance.txt	duplicate
docs/fixtures/humanmusic-r16/final/swiss_r15.drums.txt	177457	6f35e824cdec46c48d3346b9d02042b0665257009a19e361cbd000fdcf4b25c4	inplace	docs/fixtures/humanmusic-r17/final/swiss_r17.drums.txt	duplicate
docs/fixtures/humanmusic-r16/final/swiss_r15.expression.txt	14857	23896cabbd069451b776471bfb5a18ed9d9b135675e0389491bf7a3b7ba0c902	archive	23896cabbd069451b776471bfb5a18ed9d9b135675e0389491bf7a3b7ba0c902	archival+dup
docs/fixtures/humanmusic-r16/final/swiss_r15.hearings.txt	30951	63c9f1424545a451e348dfda5e9783a330e69f717bc165c9ab512c0d72132950	inplace	docs/fixtures/humanmusic-r17/final/swiss_r17.hearings.txt	duplicate
docs/fixtures/humanmusic-r16/final/swiss_r15.identity.txt	417	6b94ffbd154d514e1bfd52c6796d4b0b687f985eb12ebe504f14820ca16cd7af	archive	6b94ffbd154d514e1bfd52c6796d4b0b687f985eb12ebe504f14820ca16cd7af	archival+dup
docs/fixtures/humanmusic-r16/final/swiss_r15.notes.txt	221221	e3e4c0d9a812198f4525603fefd1909ea484b1a5681f627e31a4fa517efb9f9d	archive	e3e4c0d9a812198f4525603fefd1909ea484b1a5681f627e31a4fa517efb9f9d	archival+dup
docs/fixtures/humanmusic-r16/final/swiss_r15.occupancy.txt	2	4f53cda18c2baa0c0354bb5f9a3ecbe5ed12ab4d8e11ba873c2f11161202b945	inplace	docs/fixtures/humanmusic-r17/final/swiss_r17.continuity_links.txt	duplicate
docs/fixtures/humanmusic-r16/final/swiss_r15.phrase.txt	262641	a432fb65d3ef125bf271ca5ee95527daec1e92d166d18296212d47e2836bf28c	inplace	docs/fixtures/humanmusic-r17/final/swiss_r17.phrase.txt	duplicate
docs/fixtures/humanmusic-r16/final/swiss_r15.phrase_plans.txt	2	4f53cda18c2baa0c0354bb5f9a3ecbe5ed12ab4d8e11ba873c2f11161202b945	inplace	docs/fixtures/humanmusic-r17/final/swiss_r17.continuity_links.txt	duplicate
docs/fixtures/humanmusic-r16/final/swiss_r15.voicing.txt	477867	944618cf112be1000998e68b07328084e4807ea9b32fa48d371328a8df41e7ae	archive	944618cf112be1000998e68b07328084e4807ea9b32fa48d371328a8df41e7ae	archival+dup
docs/fixtures/humanmusic-r16/final/swiss_r16.actions.txt	11395	e437da874bdc391f41a011ae3a8d41d085f4565db2649e61fab25a3c498954d8	inplace	docs/fixtures/humanmusic-r17/final/black_ice_r17.actions.txt	duplicate
docs/fixtures/humanmusic-r16/final/swiss_r16.conformance.txt	138	a92685e0e1784822262be537a2cbb37516ac4bd66d6a4fb2f1bb22aecfb4af1e	inplace	docs/fixtures/humanmusic-r17/final/black_ice_r17.conformance.txt	duplicate
docs/fixtures/humanmusic-r16/final/swiss_r16.drums.txt	177457	6f35e824cdec46c48d3346b9d02042b0665257009a19e361cbd000fdcf4b25c4	inplace	docs/fixtures/humanmusic-r17/final/swiss_r17.drums.txt	duplicate
docs/fixtures/humanmusic-r16/final/swiss_r16.expression.txt	14857	2970c5420b85397031351a96f8e19bf3af4a7261d8bb61c4a94795cd3cfac8dc	archive	2970c5420b85397031351a96f8e19bf3af4a7261d8bb61c4a94795cd3cfac8dc	archival+dup
docs/fixtures/humanmusic-r16/final/swiss_r16.hearings.txt	30951	63c9f1424545a451e348dfda5e9783a330e69f717bc165c9ab512c0d72132950	inplace	docs/fixtures/humanmusic-r17/final/swiss_r17.hearings.txt	duplicate
docs/fixtures/humanmusic-r16/final/swiss_r16.identity.txt	417	6b94ffbd154d514e1bfd52c6796d4b0b687f985eb12ebe504f14820ca16cd7af	archive	6b94ffbd154d514e1bfd52c6796d4b0b687f985eb12ebe504f14820ca16cd7af	archival+dup
docs/fixtures/humanmusic-r16/final/swiss_r16.notes.txt	221221	c4bec0899aa8013057ef95fff9a3b50e2fde22ad38177df6b768128c8d0e484d	inplace	docs/fixtures/humanmusic-r17/final/swiss_r17.notes.txt	duplicate
docs/fixtures/humanmusic-r16/final/swiss_r16.occupancy.txt	117770	4b92371a5b63c257b0c2e653f73c9d1b28217926346919924647182b3db02d6c	inplace	docs/fixtures/humanmusic-r17/final/black_ice_r17.occupancy.txt	duplicate
docs/fixtures/humanmusic-r16/final/swiss_r16.phrase.txt	262641	a432fb65d3ef125bf271ca5ee95527daec1e92d166d18296212d47e2836bf28c	inplace	docs/fixtures/humanmusic-r17/final/swiss_r17.phrase.txt	duplicate
docs/fixtures/humanmusic-r16/final/swiss_r16.phrase_plans.txt	163869	1584fb0504098b687db3e0af2d9126e0c0d04bff65d901fa77d08ca8824e88c4	inplace	docs/fixtures/humanmusic-r17/final/swiss_r17.phrase_plans.txt	duplicate
docs/fixtures/humanmusic-r16/final/swiss_r16.voicing.txt	477802	b843f6154ba6281d8ab1583dbd713748236c16511410e41678842a038463822e	archive	b843f6154ba6281d8ab1583dbd713748236c16511410e41678842a038463822e	archival+dup
docs/fixtures/humanmusic-r16/final/swiss_r16.voicing_decisions.txt	2353	804de13e0b6f826e797f99ed7467e77f2731eadb440c6ff7cb3b477f273f7f67	archive	804de13e0b6f826e797f99ed7467e77f2731eadb440c6ff7cb3b477f273f7f67	archival+dup
docs/fixtures/humanmusic-r16/frozen/black_ice_r14.actions.txt	11395	e437da874bdc391f41a011ae3a8d41d085f4565db2649e61fab25a3c498954d8	inplace	docs/fixtures/humanmusic-r17/final/black_ice_r17.actions.txt	duplicate
docs/fixtures/humanmusic-r16/frozen/black_ice_r14.conformance.txt	138	a92685e0e1784822262be537a2cbb37516ac4bd66d6a4fb2f1bb22aecfb4af1e	inplace	docs/fixtures/humanmusic-r17/final/black_ice_r17.conformance.txt	duplicate
docs/fixtures/humanmusic-r16/frozen/black_ice_r14.drums.txt	473919	729aca342a8a9b98630ce58033b6c41dcafa030840c5f50b3ea3939c3d98a541	archive	729aca342a8a9b98630ce58033b6c41dcafa030840c5f50b3ea3939c3d98a541	archival
docs/fixtures/humanmusic-r16/frozen/black_ice_r14.expression.txt	14527	396d644edee9dc4e3d11c6f2a29e61e24a98f7b88e98371bb33a3a4081ae69bb	archive	396d644edee9dc4e3d11c6f2a29e61e24a98f7b88e98371bb33a3a4081ae69bb	archival+dup
docs/fixtures/humanmusic-r16/frozen/black_ice_r14.hearings.txt	25240	a6521910a1195f442db5994d24d665fe51133cb022f7fdd75677435111e6fe0c	archive	a6521910a1195f442db5994d24d665fe51133cb022f7fdd75677435111e6fe0c	archival+dup
docs/fixtures/humanmusic-r16/frozen/black_ice_r14.identity.txt	765	f4c642be3ec9b71470cf4677046b633868033a7ff97b979541259cef24f07810	archive	f4c642be3ec9b71470cf4677046b633868033a7ff97b979541259cef24f07810	archival+dup
docs/fixtures/humanmusic-r16/frozen/black_ice_r14.notes.txt	221380	2e7887f77f315b9bac7508c0bd3820139ca41064e913589e8e6ca95097c436cf	archive	2e7887f77f315b9bac7508c0bd3820139ca41064e913589e8e6ca95097c436cf	archival+dup
docs/fixtures/humanmusic-r16/frozen/black_ice_r14.phrase.txt	261614	bda425900df034b99f856f5e628a876dc1bb38c4382630f087dae84d020e8847	archive	bda425900df034b99f856f5e628a876dc1bb38c4382630f087dae84d020e8847	archival
docs/fixtures/humanmusic-r16/frozen/black_ice_r14.voicing.txt	269289	0e8bf372c805aa069bb1bb11d193a195c10ed35ab5a0a7f65633835fb96beff6	archive	0e8bf372c805aa069bb1bb11d193a195c10ed35ab5a0a7f65633835fb96beff6	archival
docs/fixtures/humanmusic-r16/frozen/black_ice_r15.actions.txt	11395	e437da874bdc391f41a011ae3a8d41d085f4565db2649e61fab25a3c498954d8	inplace	docs/fixtures/humanmusic-r17/final/black_ice_r17.actions.txt	duplicate
docs/fixtures/humanmusic-r16/frozen/black_ice_r15.conformance.txt	138	a92685e0e1784822262be537a2cbb37516ac4bd66d6a4fb2f1bb22aecfb4af1e	inplace	docs/fixtures/humanmusic-r17/final/black_ice_r17.conformance.txt	duplicate
docs/fixtures/humanmusic-r16/frozen/black_ice_r15.drums.txt	473931	9e2eaf952c17fa2dfa2f6328a39b3263e6abc0eeeb95059551b08de0e119bcec	archive	9e2eaf952c17fa2dfa2f6328a39b3263e6abc0eeeb95059551b08de0e119bcec	archival
docs/fixtures/humanmusic-r16/frozen/black_ice_r15.expression.txt	13865	b4f1ae74335bd991e3ef5222692db2678ee6365c7aec7870fd005f1eacc9cd31	archive	b4f1ae74335bd991e3ef5222692db2678ee6365c7aec7870fd005f1eacc9cd31	archival+dup
docs/fixtures/humanmusic-r16/frozen/black_ice_r15.hearings.txt	33659	7acc6739b76c8ecfa49b108cd45e3e3c850aee85ab186d0c8a7f45d906700d2b	archive	7acc6739b76c8ecfa49b108cd45e3e3c850aee85ab186d0c8a7f45d906700d2b	archival+dup
docs/fixtures/humanmusic-r16/frozen/black_ice_r15.identity.txt	1027	59dd5c72440f0d27150f592ce45e3301982c841b21ebc044fbe99d01436ca68c	archive	59dd5c72440f0d27150f592ce45e3301982c841b21ebc044fbe99d01436ca68c	archival+dup
docs/fixtures/humanmusic-r16/frozen/black_ice_r15.notes.txt	226274	7eb67d950cd883e0ba013473df387199a397da54734da9279a10783528ba7c4f	archive	7eb67d950cd883e0ba013473df387199a397da54734da9279a10783528ba7c4f	archival+dup
docs/fixtures/humanmusic-r16/frozen/black_ice_r15.phrase.txt	273611	51a677219036210cc11eb209b20d5b73c56c3a329e4e695acbdd76348cc60d04	archive	51a677219036210cc11eb209b20d5b73c56c3a329e4e695acbdd76348cc60d04	archival
docs/fixtures/humanmusic-r16/frozen/black_ice_r15.voicing.txt	264709	0c8f713755b86f9b7d46c24be5c144795564f70fb4924ee8b1aa1757466972ce	archive	0c8f713755b86f9b7d46c24be5c144795564f70fb4924ee8b1aa1757466972ce	archival
docs/fixtures/humanmusic-r16/frozen/swiss_r14.actions.txt	11395	e437da874bdc391f41a011ae3a8d41d085f4565db2649e61fab25a3c498954d8	inplace	docs/fixtures/humanmusic-r17/final/black_ice_r17.actions.txt	duplicate
docs/fixtures/humanmusic-r16/frozen/swiss_r14.conformance.txt	138	a92685e0e1784822262be537a2cbb37516ac4bd66d6a4fb2f1bb22aecfb4af1e	inplace	docs/fixtures/humanmusic-r17/final/black_ice_r17.conformance.txt	duplicate
docs/fixtures/humanmusic-r16/frozen/swiss_r14.drums.txt	398548	5da6502c4a8a64c252f9be61b8cbfda3abfa9a9807cf346780287e1bc17ff99d	archive	5da6502c4a8a64c252f9be61b8cbfda3abfa9a9807cf346780287e1bc17ff99d	archival+dup
docs/fixtures/humanmusic-r16/frozen/swiss_r14.expression.txt	14857	23896cabbd069451b776471bfb5a18ed9d9b135675e0389491bf7a3b7ba0c902	archive	23896cabbd069451b776471bfb5a18ed9d9b135675e0389491bf7a3b7ba0c902	archival+dup
docs/fixtures/humanmusic-r16/frozen/swiss_r14.hearings.txt	25100	cb7ceb52d8f1ee9cba3023927b7aa0f8c75d46b8eb69e7bef27ebb02c4d7dc30	archive	cb7ceb52d8f1ee9cba3023927b7aa0f8c75d46b8eb69e7bef27ebb02c4d7dc30	archival+dup
docs/fixtures/humanmusic-r16/frozen/swiss_r14.identity.txt	417	6b94ffbd154d514e1bfd52c6796d4b0b687f985eb12ebe504f14820ca16cd7af	archive	6b94ffbd154d514e1bfd52c6796d4b0b687f985eb12ebe504f14820ca16cd7af	archival+dup
docs/fixtures/humanmusic-r16/frozen/swiss_r14.notes.txt	221221	e3e4c0d9a812198f4525603fefd1909ea484b1a5681f627e31a4fa517efb9f9d	archive	e3e4c0d9a812198f4525603fefd1909ea484b1a5681f627e31a4fa517efb9f9d	archival+dup
docs/fixtures/humanmusic-r16/frozen/swiss_r14.phrase.txt	261197	b43760037a6c50c474c98ba8cb94db1d4b5d1454544b82c3585bdfa8a3ed0ec1	archive	b43760037a6c50c474c98ba8cb94db1d4b5d1454544b82c3585bdfa8a3ed0ec1	archival+dup
docs/fixtures/humanmusic-r16/frozen/swiss_r14.voicing.txt	266318	5e6ff82fdc2d2f2c1e02456977cd70d8c8d2fe9d74da0b95b086eb840f33b6eb	archive	5e6ff82fdc2d2f2c1e02456977cd70d8c8d2fe9d74da0b95b086eb840f33b6eb	archival+dup
docs/fixtures/humanmusic-r16/frozen/swiss_r15.actions.txt	11395	e437da874bdc391f41a011ae3a8d41d085f4565db2649e61fab25a3c498954d8	inplace	docs/fixtures/humanmusic-r17/final/black_ice_r17.actions.txt	duplicate
docs/fixtures/humanmusic-r16/frozen/swiss_r15.conformance.txt	138	a92685e0e1784822262be537a2cbb37516ac4bd66d6a4fb2f1bb22aecfb4af1e	inplace	docs/fixtures/humanmusic-r17/final/black_ice_r17.conformance.txt	duplicate
docs/fixtures/humanmusic-r16/frozen/swiss_r15.drums.txt	398548	5da6502c4a8a64c252f9be61b8cbfda3abfa9a9807cf346780287e1bc17ff99d	archive	5da6502c4a8a64c252f9be61b8cbfda3abfa9a9807cf346780287e1bc17ff99d	archival+dup
docs/fixtures/humanmusic-r16/frozen/swiss_r15.expression.txt	14857	23896cabbd069451b776471bfb5a18ed9d9b135675e0389491bf7a3b7ba0c902	archive	23896cabbd069451b776471bfb5a18ed9d9b135675e0389491bf7a3b7ba0c902	archival+dup
docs/fixtures/humanmusic-r16/frozen/swiss_r15.hearings.txt	30951	63c9f1424545a451e348dfda5e9783a330e69f717bc165c9ab512c0d72132950	inplace	docs/fixtures/humanmusic-r17/final/swiss_r17.hearings.txt	duplicate
docs/fixtures/humanmusic-r16/frozen/swiss_r15.identity.txt	417	6b94ffbd154d514e1bfd52c6796d4b0b687f985eb12ebe504f14820ca16cd7af	archive	6b94ffbd154d514e1bfd52c6796d4b0b687f985eb12ebe504f14820ca16cd7af	archival+dup
docs/fixtures/humanmusic-r16/frozen/swiss_r15.notes.txt	221221	e3e4c0d9a812198f4525603fefd1909ea484b1a5681f627e31a4fa517efb9f9d	archive	e3e4c0d9a812198f4525603fefd1909ea484b1a5681f627e31a4fa517efb9f9d	archival+dup
docs/fixtures/humanmusic-r16/frozen/swiss_r15.phrase.txt	261197	b43760037a6c50c474c98ba8cb94db1d4b5d1454544b82c3585bdfa8a3ed0ec1	archive	b43760037a6c50c474c98ba8cb94db1d4b5d1454544b82c3585bdfa8a3ed0ec1	archival+dup
docs/fixtures/humanmusic-r16/frozen/swiss_r15.voicing.txt	266318	5e6ff82fdc2d2f2c1e02456977cd70d8c8d2fe9d74da0b95b086eb840f33b6eb	archive	5e6ff82fdc2d2f2c1e02456977cd70d8c8d2fe9d74da0b95b086eb840f33b6eb	archival+dup
docs/fixtures/humanmusic-r16/local-preflight-before-final-closures.txt	1088	0b6344aa33561c853f82ecd5105c2023e98e7911179b0d4e319269538ae51486	archive	0b6344aa33561c853f82ecd5105c2023e98e7911179b0d4e319269538ae51486	archival+dup
docs/fixtures/humanmusic-r17/baseline/r16-provenance.json	865	3ec6c94f56a62bd8c66a9cc1a1c25f95879083175f394da15957bd25c3e0bacd	archive	3ec6c94f56a62bd8c66a9cc1a1c25f95879083175f394da15957bd25c3e0bacd	archival+dup
docs/fixtures/humanmusic-r17/baseline/r16-summary.txt	636	d143700c1f74ceb9e3bd9dee5db1cf1c7ca16cb2fd2d4282a106a1e38ac2ca91	archive	d143700c1f74ceb9e3bd9dee5db1cf1c7ca16cb2fd2d4282a106a1e38ac2ca91	archival+dup
docs/fixtures/humanmusic-r17/baseline/witnesses.json	26976	50e669d20abf4480faab7844f22f67650fa83b74db650bc0607ca88e805e2626	archive	50e669d20abf4480faab7844f22f67650fa83b74db650bc0607ca88e805e2626	archival
docs/fixtures/humanmusic-r17/final/black_ice.r14-f0000.perturbation.txt	42801	e01d2d3855aaa953c08dc04b31ab58f856b6e60589e9c7b29b0479a96978c742	archive	e01d2d3855aaa953c08dc04b31ab58f856b6e60589e9c7b29b0479a96978c742	derived-receipt+dup
docs/fixtures/humanmusic-r17/final/black_ice.r14-f0001.perturbation.txt	38905	48415fb23f9e3f74a99a6e3e4359fddfb53fe325e1dec974affd3d0b2112fdec	archive	48415fb23f9e3f74a99a6e3e4359fddfb53fe325e1dec974affd3d0b2112fdec	derived-receipt+dup
docs/fixtures/humanmusic-r17/final/black_ice.r14-f0010.perturbation.txt	39060	1687dd5b8bcb17ea7954f4f975388b55d9fb07afbd851ba336b9f95f56dd950d	archive	1687dd5b8bcb17ea7954f4f975388b55d9fb07afbd851ba336b9f95f56dd950d	derived-receipt+dup
docs/fixtures/humanmusic-r17/final/black_ice.r14-f0011.perturbation.txt	26164	18a1bd888768ceb021e17230a961ddb2659113ad96af529b96ce4604238e9d2f	archive	18a1bd888768ceb021e17230a961ddb2659113ad96af529b96ce4604238e9d2f	derived-receipt+dup
docs/fixtures/humanmusic-r17/final/black_ice.r14-f0100.perturbation.txt	39020	a30019646c3c26ac244e5d2ff7d970d06024502bc420341cfbb13ea071d076a4	archive	a30019646c3c26ac244e5d2ff7d970d06024502bc420341cfbb13ea071d076a4	derived-receipt+dup
docs/fixtures/humanmusic-r17/final/black_ice.r14-f0101.perturbation.txt	38905	48415fb23f9e3f74a99a6e3e4359fddfb53fe325e1dec974affd3d0b2112fdec	archive	48415fb23f9e3f74a99a6e3e4359fddfb53fe325e1dec974affd3d0b2112fdec	derived-receipt+dup
docs/fixtures/humanmusic-r17/final/black_ice.r14-f0110.perturbation.txt	39025	3399065e1fc201254aa1ef6080ade899260a790451b059bef22cd798118e3733	archive	3399065e1fc201254aa1ef6080ade899260a790451b059bef22cd798118e3733	derived-receipt+dup
docs/fixtures/humanmusic-r17/final/black_ice.r14-f0111.perturbation.txt	39007	8d9187a9d77311b27218158871c4578a1ac738e2bc312238e2a94a999bb3d478	archive	8d9187a9d77311b27218158871c4578a1ac738e2bc312238e2a94a999bb3d478	derived-receipt+dup
docs/fixtures/humanmusic-r17/final/black_ice.r14-f1000.perturbation.txt	42801	e01d2d3855aaa953c08dc04b31ab58f856b6e60589e9c7b29b0479a96978c742	archive	e01d2d3855aaa953c08dc04b31ab58f856b6e60589e9c7b29b0479a96978c742	derived-receipt+dup
docs/fixtures/humanmusic-r17/final/black_ice.r14-f1001.perturbation.txt	38905	48415fb23f9e3f74a99a6e3e4359fddfb53fe325e1dec974affd3d0b2112fdec	archive	48415fb23f9e3f74a99a6e3e4359fddfb53fe325e1dec974affd3d0b2112fdec	derived-receipt+dup
docs/fixtures/humanmusic-r17/final/black_ice.r14-f1010.perturbation.txt	39060	1687dd5b8bcb17ea7954f4f975388b55d9fb07afbd851ba336b9f95f56dd950d	archive	1687dd5b8bcb17ea7954f4f975388b55d9fb07afbd851ba336b9f95f56dd950d	derived-receipt+dup
docs/fixtures/humanmusic-r17/final/black_ice.r14-f1011.perturbation.txt	26164	18a1bd888768ceb021e17230a961ddb2659113ad96af529b96ce4604238e9d2f	archive	18a1bd888768ceb021e17230a961ddb2659113ad96af529b96ce4604238e9d2f	derived-receipt+dup
docs/fixtures/humanmusic-r17/final/black_ice.r14-f1100.perturbation.txt	39020	a30019646c3c26ac244e5d2ff7d970d06024502bc420341cfbb13ea071d076a4	archive	a30019646c3c26ac244e5d2ff7d970d06024502bc420341cfbb13ea071d076a4	derived-receipt+dup
docs/fixtures/humanmusic-r17/final/black_ice.r14-f1101.perturbation.txt	38905	48415fb23f9e3f74a99a6e3e4359fddfb53fe325e1dec974affd3d0b2112fdec	archive	48415fb23f9e3f74a99a6e3e4359fddfb53fe325e1dec974affd3d0b2112fdec	derived-receipt+dup
docs/fixtures/humanmusic-r17/final/black_ice.r14-f1110.perturbation.txt	39025	3399065e1fc201254aa1ef6080ade899260a790451b059bef22cd798118e3733	archive	3399065e1fc201254aa1ef6080ade899260a790451b059bef22cd798118e3733	derived-receipt+dup
docs/fixtures/humanmusic-r17/final/black_ice.r14-f1111.perturbation.txt	39007	8d9187a9d77311b27218158871c4578a1ac738e2bc312238e2a94a999bb3d478	archive	8d9187a9d77311b27218158871c4578a1ac738e2bc312238e2a94a999bb3d478	derived-receipt+dup
docs/fixtures/humanmusic-r17/final/black_ice.r14-r16.perturbation.txt	42801	e01d2d3855aaa953c08dc04b31ab58f856b6e60589e9c7b29b0479a96978c742	archive	e01d2d3855aaa953c08dc04b31ab58f856b6e60589e9c7b29b0479a96978c742	derived-receipt+dup
docs/fixtures/humanmusic-r17/final/black_ice.r14-r17.perturbation.txt	39007	8d9187a9d77311b27218158871c4578a1ac738e2bc312238e2a94a999bb3d478	archive	8d9187a9d77311b27218158871c4578a1ac738e2bc312238e2a94a999bb3d478	derived-receipt+dup
docs/fixtures/humanmusic-r17/final/black_ice.r14-stable_precursors.perturbation.txt	39007	8d9187a9d77311b27218158871c4578a1ac738e2bc312238e2a94a999bb3d478	archive	8d9187a9d77311b27218158871c4578a1ac738e2bc312238e2a94a999bb3d478	derived-receipt+dup
docs/fixtures/humanmusic-r17/final/black_ice.r16-f0000.perturbation.txt	451	fa48393b291ab33d99a2fae870f9d8e7962c1faf5b979d5a7f23781f7a0bd219	archive	fa48393b291ab33d99a2fae870f9d8e7962c1faf5b979d5a7f23781f7a0bd219	derived-receipt+dup
docs/fixtures/humanmusic-r17/final/black_ice.r16-f0001.perturbation.txt	26075	8713002e21183c63f46808a3c5d75a0f830e84d6abb20395365102f6f272eb36	archive	8713002e21183c63f46808a3c5d75a0f830e84d6abb20395365102f6f272eb36	derived-receipt+dup
docs/fixtures/humanmusic-r17/final/black_ice.r16-f0010.perturbation.txt	42943	fa5948cf37229c57c79f6c1b1a093b6d0c50bb1bea6f1321c845bbdd1b098755	archive	fa5948cf37229c57c79f6c1b1a093b6d0c50bb1bea6f1321c845bbdd1b098755	derived-receipt+dup
docs/fixtures/humanmusic-r17/final/black_ice.r16-f0011.perturbation.txt	34173	52b29c3d5d9b5ffab023a5714e4607b8a5d90b98d0452e0be880276f4b55bf62	archive	52b29c3d5d9b5ffab023a5714e4607b8a5d90b98d0452e0be880276f4b55bf62	derived-receipt+dup
docs/fixtures/humanmusic-r17/final/black_ice.r16-f0100.perturbation.txt	19523	a65ec3b0a786aba48d207c13ddf1daa72797702108290def4136989d9f50c193	archive	a65ec3b0a786aba48d207c13ddf1daa72797702108290def4136989d9f50c193	derived-receipt+dup
docs/fixtures/humanmusic-r17/final/black_ice.r16-f0101.perturbation.txt	26075	8713002e21183c63f46808a3c5d75a0f830e84d6abb20395365102f6f272eb36	archive	8713002e21183c63f46808a3c5d75a0f830e84d6abb20395365102f6f272eb36	derived-receipt+dup
docs/fixtures/humanmusic-r17/final/black_ice.r16-f0110.perturbation.txt	42908	ad3c8f4e8aff3f8b690c232ba878d2000da87b02371a56161a4ede520aa58454	archive	ad3c8f4e8aff3f8b690c232ba878d2000da87b02371a56161a4ede520aa58454	derived-receipt+dup
docs/fixtures/humanmusic-r17/final/black_ice.r16-f0111.perturbation.txt	42890	3aaba2080944246615c6e65e45dad70be75d369653fece7f709cfed8dde6c014	archive	3aaba2080944246615c6e65e45dad70be75d369653fece7f709cfed8dde6c014	derived-receipt+dup
docs/fixtures/humanmusic-r17/final/black_ice.r16-f1000.perturbation.txt	451	fa48393b291ab33d99a2fae870f9d8e7962c1faf5b979d5a7f23781f7a0bd219	archive	fa48393b291ab33d99a2fae870f9d8e7962c1faf5b979d5a7f23781f7a0bd219	derived-receipt+dup
docs/fixtures/humanmusic-r17/final/black_ice.r16-f1001.perturbation.txt	26075	8713002e21183c63f46808a3c5d75a0f830e84d6abb20395365102f6f272eb36	archive	8713002e21183c63f46808a3c5d75a0f830e84d6abb20395365102f6f272eb36	derived-receipt+dup
docs/fixtures/humanmusic-r17/final/black_ice.r16-f1010.perturbation.txt	42943	fa5948cf37229c57c79f6c1b1a093b6d0c50bb1bea6f1321c845bbdd1b098755	archive	fa5948cf37229c57c79f6c1b1a093b6d0c50bb1bea6f1321c845bbdd1b098755	derived-receipt+dup
docs/fixtures/humanmusic-r17/final/black_ice.r16-f1011.perturbation.txt	34173	52b29c3d5d9b5ffab023a5714e4607b8a5d90b98d0452e0be880276f4b55bf62	archive	52b29c3d5d9b5ffab023a5714e4607b8a5d90b98d0452e0be880276f4b55bf62	derived-receipt+dup
docs/fixtures/humanmusic-r17/final/black_ice.r16-f1100.perturbation.txt	19523	a65ec3b0a786aba48d207c13ddf1daa72797702108290def4136989d9f50c193	archive	a65ec3b0a786aba48d207c13ddf1daa72797702108290def4136989d9f50c193	derived-receipt+dup
docs/fixtures/humanmusic-r17/final/black_ice.r16-f1101.perturbation.txt	26075	8713002e21183c63f46808a3c5d75a0f830e84d6abb20395365102f6f272eb36	archive	8713002e21183c63f46808a3c5d75a0f830e84d6abb20395365102f6f272eb36	derived-receipt+dup
docs/fixtures/humanmusic-r17/final/black_ice.r16-f1110.perturbation.txt	42908	ad3c8f4e8aff3f8b690c232ba878d2000da87b02371a56161a4ede520aa58454	archive	ad3c8f4e8aff3f8b690c232ba878d2000da87b02371a56161a4ede520aa58454	derived-receipt+dup
docs/fixtures/humanmusic-r17/final/black_ice.r16-f1111.perturbation.txt	42890	3aaba2080944246615c6e65e45dad70be75d369653fece7f709cfed8dde6c014	archive	3aaba2080944246615c6e65e45dad70be75d369653fece7f709cfed8dde6c014	derived-receipt+dup
docs/fixtures/humanmusic-r17/final/black_ice.r16-r14.perturbation.txt	42795	4b921386dfe1e7ddf7583fb51ef455e75c61fdde6d5861e390b68ae27f278d83	archive	4b921386dfe1e7ddf7583fb51ef455e75c61fdde6d5861e390b68ae27f278d83	derived-receipt
docs/fixtures/humanmusic-r17/final/black_ice.r16-r17.perturbation.txt	42890	3aaba2080944246615c6e65e45dad70be75d369653fece7f709cfed8dde6c014	archive	3aaba2080944246615c6e65e45dad70be75d369653fece7f709cfed8dde6c014	derived-receipt+dup
docs/fixtures/humanmusic-r17/final/black_ice.r16-stable_precursors.perturbation.txt	42890	3aaba2080944246615c6e65e45dad70be75d369653fece7f709cfed8dde6c014	archive	3aaba2080944246615c6e65e45dad70be75d369653fece7f709cfed8dde6c014	derived-receipt+dup
docs/fixtures/humanmusic-r17/final/black_ice_f0000.actions.txt	11395	e437da874bdc391f41a011ae3a8d41d085f4565db2649e61fab25a3c498954d8	inplace	docs/fixtures/humanmusic-r17/final/black_ice_r17.actions.txt	duplicate
docs/fixtures/humanmusic-r17/final/black_ice_f0000.conformance.txt	138	a92685e0e1784822262be537a2cbb37516ac4bd66d6a4fb2f1bb22aecfb4af1e	inplace	docs/fixtures/humanmusic-r17/final/black_ice_r17.conformance.txt	duplicate
docs/fixtures/humanmusic-r17/final/black_ice_f0000.continuity_links.txt	2	4f53cda18c2baa0c0354bb5f9a3ecbe5ed12ab4d8e11ba873c2f11161202b945	inplace	docs/fixtures/humanmusic-r17/final/swiss_r17.continuity_links.txt	duplicate
docs/fixtures/humanmusic-r17/final/black_ice_f0000.drums.txt	211479	ed229e082a3f226bf0562d46801e2d8f620d94846a05366ab436154301a8ffe6	archive	ed229e082a3f226bf0562d46801e2d8f620d94846a05366ab436154301a8ffe6	derived-receipt+dup
docs/fixtures/humanmusic-r17/final/black_ice_f0000.expression.txt	12718	1ad0213ef247dce4d18abd2fd1a7703339fe346762256413246d4cfab8bef5e7	archive	1ad0213ef247dce4d18abd2fd1a7703339fe346762256413246d4cfab8bef5e7	derived-receipt+dup
docs/fixtures/humanmusic-r17/final/black_ice_f0000.expression_decisions.txt	336102	4653ce585eabd616b0c8fd5bbae90e31091c709623e1b999a15471f1ab54933e	archive	4653ce585eabd616b0c8fd5bbae90e31091c709623e1b999a15471f1ab54933e	derived-receipt+dup
docs/fixtures/humanmusic-r17/final/black_ice_f0000.hearings.txt	31073	659f9bda712aaafbc2e1e60cd3b129ae46ac3a9a06156cc189c9d824c57f4962	archive	659f9bda712aaafbc2e1e60cd3b129ae46ac3a9a06156cc189c9d824c57f4962	derived-receipt+dup
docs/fixtures/humanmusic-r17/final/black_ice_f0000.identity.txt	765	f4a154f14e2f878034f97a8790b4787b846e4026d2a67381f4bf598d8baf22e7	archive	f4a154f14e2f878034f97a8790b4787b846e4026d2a67381f4bf598d8baf22e7	derived-receipt+dup
docs/fixtures/humanmusic-r17/final/black_ice_f0000.mass.txt	20307	0f69ce8b2346df83ef6e34daabe8d001c54e608f3c1fbe07e81a5ca7a90430bb	archive	0f69ce8b2346df83ef6e34daabe8d001c54e608f3c1fbe07e81a5ca7a90430bb	derived-receipt+dup
docs/fixtures/humanmusic-r17/final/black_ice_f0000.notes.txt	220018	74fc23b6aab2356e40f022b4b0526c0cb048cd729785a78f912b80dfdbc5defa	archive	74fc23b6aab2356e40f022b4b0526c0cb048cd729785a78f912b80dfdbc5defa	derived-receipt+dup
docs/fixtures/humanmusic-r17/final/black_ice_f0000.occupancy.txt	117760	f3539c79fc9e2816bc58eb6ee4d4d261c2f4f4cc9dee3572fb693464f1094e36	archive	f3539c79fc9e2816bc58eb6ee4d4d261c2f4f4cc9dee3572fb693464f1094e36	derived-receipt+dup
docs/fixtures/humanmusic-r17/final/black_ice_f0000.phrase.txt	263216	ee51d112bd7167f4c092c22559933a1484908b69f4e719b1c632c42c692bf320	archive	ee51d112bd7167f4c092c22559933a1484908b69f4e719b1c632c42c692bf320	derived-receipt+dup
docs/fixtures/humanmusic-r17/final/black_ice_f0000.phrase_plans.txt	165823	ec1a4ad3e5f884955d2125243e0cf9aba90f005c65051a4a7a519fe65893ab5b	archive	ec1a4ad3e5f884955d2125243e0cf9aba90f005c65051a4a7a519fe65893ab5b	derived-receipt+dup
docs/fixtures/humanmusic-r17/final/black_ice_f0000.pocket.txt	264353	9798e6962d6ab5988a45df4ea7eb3e1423fe237cccc720ed28385cf7c2afda84	archive	9798e6962d6ab5988a45df4ea7eb3e1423fe237cccc720ed28385cf7c2afda84	derived-receipt+dup
docs/fixtures/humanmusic-r17/final/black_ice_f0000.tension.txt	1364	89bb25b132b9fe2f9627e0b62e1d7d09f877dd51fd9b6a72e2e71df91156c5be	archive	89bb25b132b9fe2f9627e0b62e1d7d09f877dd51fd9b6a72e2e71df91156c5be	derived-receipt+dup
docs/fixtures/humanmusic-r17/final/black_ice_f0000.voicing.txt	444351	b39167c3bd5cd8a94c70e3483c04418cfeeb1345658d5668bbfad8ba7be1a806	archive	b39167c3bd5cd8a94c70e3483c04418cfeeb1345658d5668bbfad8ba7be1a806	derived-receipt+dup
docs/fixtures/humanmusic-r17/final/black_ice_f0001.actions.txt	11395	e437da874bdc391f41a011ae3a8d41d085f4565db2649e61fab25a3c498954d8	inplace	docs/fixtures/humanmusic-r17/final/black_ice_r17.actions.txt	duplicate
docs/fixtures/humanmusic-r17/final/black_ice_f0001.conformance.txt	138	a92685e0e1784822262be537a2cbb37516ac4bd66d6a4fb2f1bb22aecfb4af1e	inplace	docs/fixtures/humanmusic-r17/final/black_ice_r17.conformance.txt	duplicate
docs/fixtures/humanmusic-r17/final/black_ice_f0001.continuity_links.txt	2	4f53cda18c2baa0c0354bb5f9a3ecbe5ed12ab4d8e11ba873c2f11161202b945	inplace	docs/fixtures/humanmusic-r17/final/swiss_r17.continuity_links.txt	duplicate
docs/fixtures/humanmusic-r17/final/black_ice_f0001.drums.txt	211479	8a014148a6bdbabacd38c65c1298cb228e1d03782a75fa1b3708452bbc2a2e55	inplace	docs/fixtures/humanmusic-r17/final/black_ice_r17.drums.txt	duplicate
docs/fixtures/humanmusic-r17/final/black_ice_f0001.expression.txt	13865	3de813484a51c6b179d7f86948d28b2ea37c23e56eba89d4ecee700283a3ddec	archive	3de813484a51c6b179d7f86948d28b2ea37c23e56eba89d4ecee700283a3ddec	derived-receipt+dup
docs/fixtures/humanmusic-r17/final/black_ice_f0001.expression_decisions.txt	301752	e196311a63a2e46a288dc66ae8351de04124c84a6e464559fb3b785f43e1b622	archive	e196311a63a2e46a288dc66ae8351de04124c84a6e464559fb3b785f43e1b622	derived-receipt+dup
docs/fixtures/humanmusic-r17/final/black_ice_f0001.hearings.txt	31053	38dfcf9bb2fe4c7fd93935d9079f230e8969353b1b1ec9e597387f417b9b2bb6	archive	38dfcf9bb2fe4c7fd93935d9079f230e8969353b1b1ec9e597387f417b9b2bb6	derived-receipt+dup
docs/fixtures/humanmusic-r17/final/black_ice_f0001.identity.txt	1027	243ca385b545914e06834ee2b109330f420aa8e00683f7d95bdead25f35195db	archive	243ca385b545914e06834ee2b109330f420aa8e00683f7d95bdead25f35195db	derived-receipt+dup
docs/fixtures/humanmusic-r17/final/black_ice_f0001.mass.txt	20307	8ce37a47dd427cc2432c31135036361b7015dbca6d71d6429764e7319228ac77	archive	8ce37a47dd427cc2432c31135036361b7015dbca6d71d6429764e7319228ac77	derived-receipt+dup
docs/fixtures/humanmusic-r17/final/black_ice_f0001.notes.txt	221376	7952c7b226c9abf2052d07eef01d4a705ad70262c915d7b7b3c94dc45beb9269	archive	7952c7b226c9abf2052d07eef01d4a705ad70262c915d7b7b3c94dc45beb9269	derived-receipt+dup
docs/fixtures/humanmusic-r17/final/black_ice_f0001.occupancy.txt	117770	4b92371a5b63c257b0c2e653f73c9d1b28217926346919924647182b3db02d6c	inplace	docs/fixtures/humanmusic-r17/final/black_ice_r17.occupancy.txt	duplicate
docs/fixtures/humanmusic-r17/final/black_ice_f0001.phrase.txt	265426	033723be16a7e4119374c3187bc7f9bf36b003ba5272141eaf1f2d3c15847007	archive	033723be16a7e4119374c3187bc7f9bf36b003ba5272141eaf1f2d3c15847007	derived-receipt+dup
docs/fixtures/humanmusic-r17/final/black_ice_f0001.phrase_plans.txt	160116	9171a18355dc156a1821807e1b12092a50ab0b23576d72368e823a51eb98e186	archive	9171a18355dc156a1821807e1b12092a50ab0b23576d72368e823a51eb98e186	derived-receipt+dup
docs/fixtures/humanmusic-r17/final/black_ice_f0001.pocket.txt	259762	d683c3a84b91307cf40eff47f400a1b3b5746575a0a092d580521fd45007c7e7	archive	d683c3a84b91307cf40eff47f400a1b3b5746575a0a092d580521fd45007c7e7	derived-receipt+dup
docs/fixtures/humanmusic-r17/final/black_ice_f0001.tension.txt	1360	294fe35c88ae8eea546a4bd62150065a9a89c3c09f707929e177599dc2592355	archive	294fe35c88ae8eea546a4bd62150065a9a89c3c09f707929e177599dc2592355	derived-receipt+dup
docs/fixtures/humanmusic-r17/final/black_ice_f0001.voicing.txt	446542	fae43b417eeaf328e2c05e436a8e82beeb3e6cba0a1747357e1d374a5a9a523a	archive	fae43b417eeaf328e2c05e436a8e82beeb3e6cba0a1747357e1d374a5a9a523a	derived-receipt+dup
docs/fixtures/humanmusic-r17/final/black_ice_f0010.actions.txt	11395	e437da874bdc391f41a011ae3a8d41d085f4565db2649e61fab25a3c498954d8	inplace	docs/fixtures/humanmusic-r17/final/black_ice_r17.actions.txt	duplicate
docs/fixtures/humanmusic-r17/final/black_ice_f0010.conformance.txt	138	a92685e0e1784822262be537a2cbb37516ac4bd66d6a4fb2f1bb22aecfb4af1e	inplace	docs/fixtures/humanmusic-r17/final/black_ice_r17.conformance.txt	duplicate
docs/fixtures/humanmusic-r17/final/black_ice_f0010.continuity_links.txt	2	4f53cda18c2baa0c0354bb5f9a3ecbe5ed12ab4d8e11ba873c2f11161202b945	inplace	docs/fixtures/humanmusic-r17/final/swiss_r17.continuity_links.txt	duplicate
docs/fixtures/humanmusic-r17/final/black_ice_f0010.drums.txt	211479	dcf1e7bc00a1588766a8ad52237b2ce5936fe6a93215fcbbb579bea23d99abfa	archive	dcf1e7bc00a1588766a8ad52237b2ce5936fe6a93215fcbbb579bea23d99abfa	derived-receipt+dup
docs/fixtures/humanmusic-r17/final/black_ice_f0010.expression.txt	14223	ea3f71598c75db8abb277fdb2fe17fd16d9a285b0ce14d244ef67216d59b3d1a	archive	ea3f71598c75db8abb277fdb2fe17fd16d9a285b0ce14d244ef67216d59b3d1a	derived-receipt+dup
docs/fixtures/humanmusic-r17/final/black_ice_f0010.expression_decisions.txt	302036	d23cdf9be75fc49f4d52d629a1e94a4daf20c0840a88434ffa8f6b07c6308683	archive	d23cdf9be75fc49f4d52d629a1e94a4daf20c0840a88434ffa8f6b07c6308683	derived-receipt+dup
docs/fixtures/humanmusic-r17/final/black_ice_f0010.hearings.txt	31533	ff676f2fa2e980eafe426b20c8ece967e85eae2b0504e9f6058b49dc5a0ab626	archive	ff676f2fa2e980eafe426b20c8ece967e85eae2b0504e9f6058b49dc5a0ab626	derived-receipt+dup
docs/fixtures/humanmusic-r17/final/black_ice_f0010.identity.txt	765	decefdf1896c9f85197f8a30eb02b93082e7aed3f9278e45ad7d56b286ddabcc	archive	decefdf1896c9f85197f8a30eb02b93082e7aed3f9278e45ad7d56b286ddabcc	derived-receipt+dup
docs/fixtures/humanmusic-r17/final/black_ice_f0010.mass.txt	20307	a6065e010fb8579cb4886c17bce66f5cd0549ea80202b39a5bbef1802de7acb1	archive	a6065e010fb8579cb4886c17bce66f5cd0549ea80202b39a5bbef1802de7acb1	derived-receipt+dup
docs/fixtures/humanmusic-r17/final/black_ice_f0010.notes.txt	221531	08199f81232a3f5f6979f7093c6ba0ec991afaaed8a8ad0ffbb81f13ac8ae64c	archive	08199f81232a3f5f6979f7093c6ba0ec991afaaed8a8ad0ffbb81f13ac8ae64c	derived-receipt+dup
docs/fixtures/humanmusic-r17/final/black_ice_f0010.occupancy.txt	117770	4b92371a5b63c257b0c2e653f73c9d1b28217926346919924647182b3db02d6c	inplace	docs/fixtures/humanmusic-r17/final/black_ice_r17.occupancy.txt	duplicate
docs/fixtures/humanmusic-r17/final/black_ice_f0010.phrase.txt	265099	3095349dcecef34e2d577f5dd0285434124cd551fae30d06c30bba87587a6688	archive	3095349dcecef34e2d577f5dd0285434124cd551fae30d06c30bba87587a6688	derived-receipt+dup
docs/fixtures/humanmusic-r17/final/black_ice_f0010.phrase_plans.txt	159762	1e79d9d9b3d213d51b1c5d070bf81b7656d27e2804453076bc6e041048d0f7e4	archive	1e79d9d9b3d213d51b1c5d070bf81b7656d27e2804453076bc6e041048d0f7e4	derived-receipt+dup
docs/fixtures/humanmusic-r17/final/black_ice_f0010.pocket.txt	259793	82f2d596f2352078c1e8f8379fbe7fa27f70085d0ee3220053f10312411c6888	archive	82f2d596f2352078c1e8f8379fbe7fa27f70085d0ee3220053f10312411c6888	derived-receipt+dup
docs/fixtures/humanmusic-r17/final/black_ice_f0010.tension.txt	1360	294fe35c88ae8eea546a4bd62150065a9a89c3c09f707929e177599dc2592355	archive	294fe35c88ae8eea546a4bd62150065a9a89c3c09f707929e177599dc2592355	derived-receipt+dup
docs/fixtures/humanmusic-r17/final/black_ice_f0010.voicing.txt	474063	1e158810968f91593ef03b21acfd8150ea1f692c5850c342e9cf1970bbe55cd6	archive	1e158810968f91593ef03b21acfd8150ea1f692c5850c342e9cf1970bbe55cd6	derived-receipt+dup
docs/fixtures/humanmusic-r17/final/black_ice_f0011.actions.txt	11395	10762860682c42e1cd468e984f8b2ac7895fe7163502fd6178d8f5f115fb2b95	archive	10762860682c42e1cd468e984f8b2ac7895fe7163502fd6178d8f5f115fb2b95	derived-receipt+dup
docs/fixtures/humanmusic-r17/final/black_ice_f0011.conformance.txt	138	a92685e0e1784822262be537a2cbb37516ac4bd66d6a4fb2f1bb22aecfb4af1e	inplace	docs/fixtures/humanmusic-r17/final/black_ice_r17.conformance.txt	duplicate
docs/fixtures/humanmusic-r17/final/black_ice_f0011.continuity_links.txt	2	4f53cda18c2baa0c0354bb5f9a3ecbe5ed12ab4d8e11ba873c2f11161202b945	inplace	docs/fixtures/humanmusic-r17/final/swiss_r17.continuity_links.txt	duplicate
docs/fixtures/humanmusic-r17/final/black_ice_f0011.drums.txt	211479	64a5c4dd715b6bd2c610b7629643bc22025383c6a8bc5f30c7b76c0e73606a9a	archive	64a5c4dd715b6bd2c610b7629643bc22025383c6a8bc5f30c7b76c0e73606a9a	derived-receipt+dup
docs/fixtures/humanmusic-r17/final/black_ice_f0011.expression.txt	7867	0b9883b09b126cd36755f414faa645fc4d38a3e672d585c09bd6013da1887ad3	archive	0b9883b09b126cd36755f414faa645fc4d38a3e672d585c09bd6013da1887ad3	derived-receipt+dup
docs/fixtures/humanmusic-r17/final/black_ice_f0011.expression_decisions.txt	208590	4eccb9c1fc825e9ad9c9ca90862db9dda018b5f8fdfe01bf102286896452da50	archive	4eccb9c1fc825e9ad9c9ca90862db9dda018b5f8fdfe01bf102286896452da50	derived-receipt+dup
docs/fixtures/humanmusic-r17/final/black_ice_f0011.hearings.txt	28565	f31ff6468effd9c7a6db1d9e660a320a19da3cfb8e69ced8bef1a43f90670026	archive	f31ff6468effd9c7a6db1d9e660a320a19da3cfb8e69ced8bef1a43f90670026	derived-receipt+dup
docs/fixtures/humanmusic-r17/final/black_ice_f0011.identity.txt	852	c068789f5b49b18dd3e6d36ce29dac4f3594d76c85afd4c761c4404da9f543b6	archive	c068789f5b49b18dd3e6d36ce29dac4f3594d76c85afd4c761c4404da9f543b6	derived-receipt+dup
docs/fixtures/humanmusic-r17/final/black_ice_f0011.mass.txt	19445	3b61826d8859f5d6e40060e38114704a523b5cd655ec3cfdbf85ef399a39b9f8	archive	3b61826d8859f5d6e40060e38114704a523b5cd655ec3cfdbf85ef399a39b9f8	derived-receipt+dup
docs/fixtures/humanmusic-r17/final/black_ice_f0011.notes.txt	212842	ff1ba0b0c7f9b6863aaacd01fbaf68780228142d2ce97f9e6768868f15346b21	archive	ff1ba0b0c7f9b6863aaacd01fbaf68780228142d2ce97f9e6768868f15346b21	derived-receipt+dup
docs/fixtures/humanmusic-r17/final/black_ice_f0011.occupancy.txt	117770	4b92371a5b63c257b0c2e653f73c9d1b28217926346919924647182b3db02d6c	inplace	docs/fixtures/humanmusic-r17/final/black_ice_r17.occupancy.txt	duplicate
docs/fixtures/humanmusic-r17/final/black_ice_f0011.phrase.txt	250446	c76f23257b276cf69bb55ad7e98bb97b9be1ae54ced67f537a59969d5369fa8c	archive	c76f23257b276cf69bb55ad7e98bb97b9be1ae54ced67f537a59969d5369fa8c	derived-receipt+dup
docs/fixtures/humanmusic-r17/final/black_ice_f0011.phrase_plans.txt	137470	adc71d11ed687c6fe8ad83cf794b75235b7c146a8ec88517148de3ea64b7bb00	archive	adc71d11ed687c6fe8ad83cf794b75235b7c146a8ec88517148de3ea64b7bb00	derived-receipt+dup
docs/fixtures/humanmusic-r17/final/black_ice_f0011.pocket.txt	234924	3e44a5c93265789c0a3b66310e3d7c6ab9b8033e740db028b99d3e83a08f2d05	archive	3e44a5c93265789c0a3b66310e3d7c6ab9b8033e740db028b99d3e83a08f2d05	derived-receipt+dup
docs/fixtures/humanmusic-r17/final/black_ice_f0011.tension.txt	1360	9447964b0b2d3bf65d7f31994b93c36bcd58d242f31b89457991a7a8ac163004	archive	9447964b0b2d3bf65d7f31994b93c36bcd58d242f31b89457991a7a8ac163004	derived-receipt+dup
docs/fixtures/humanmusic-r17/final/black_ice_f0011.voicing.txt	453089	6680a28ee929d270d56b445ef3e4ca70391fce746f290dbd6e3ec177484b1e9a	archive	6680a28ee929d270d56b445ef3e4ca70391fce746f290dbd6e3ec177484b1e9a	derived-receipt+dup
docs/fixtures/humanmusic-r17/final/black_ice_f0100.actions.txt	11395	e437da874bdc391f41a011ae3a8d41d085f4565db2649e61fab25a3c498954d8	inplace	docs/fixtures/humanmusic-r17/final/black_ice_r17.actions.txt	duplicate
docs/fixtures/humanmusic-r17/final/black_ice_f0100.conformance.txt	138	a92685e0e1784822262be537a2cbb37516ac4bd66d6a4fb2f1bb22aecfb4af1e	inplace	docs/fixtures/humanmusic-r17/final/black_ice_r17.conformance.txt	duplicate
docs/fixtures/humanmusic-r17/final/black_ice_f0100.continuity_links.txt	34805	6b03f84b719e283b96ef10747559158f26891b529ab69f0d523dd03ee2ce75ac	archive	6b03f84b719e283b96ef10747559158f26891b529ab69f0d523dd03ee2ce75ac	derived-receipt+dup
docs/fixtures/humanmusic-r17/final/black_ice_f0100.drums.txt	211479	ed229e082a3f226bf0562d46801e2d8f620d94846a05366ab436154301a8ffe6	archive	ed229e082a3f226bf0562d46801e2d8f620d94846a05366ab436154301a8ffe6	derived-receipt+dup
docs/fixtures/humanmusic-r17/final/black_ice_f0100.expression.txt	13865	e445700763c50c88b894811e4fd0bbb6e3c9c1aa855cf6a742364416b89bfba9	archive	e445700763c50c88b894811e4fd0bbb6e3c9c1aa855cf6a742364416b89bfba9	derived-receipt+dup
docs/fixtures/humanmusic-r17/final/black_ice_f0100.expression_decisions.txt	301966	b82c332db4a72da47c982842a57f452106e2cdd2e8f94c7b2d057318bc6934ba	archive	b82c332db4a72da47c982842a57f452106e2cdd2e8f94c7b2d057318bc6934ba	derived-receipt+dup
docs/fixtures/humanmusic-r17/final/black_ice_f0100.hearings.txt	31403	fbc08ef54877788efe44cf334c7504ee7a0395670f87c941816710e9bdd39029	archive	fbc08ef54877788efe44cf334c7504ee7a0395670f87c941816710e9bdd39029	derived-receipt+dup
docs/fixtures/humanmusic-r17/final/black_ice_f0100.identity.txt	940	71048e389bcd68ad9a94db584929c05a586cfdc6ebadea94f360db61f6eb39fe	archive	71048e389bcd68ad9a94db584929c05a586cfdc6ebadea94f360db61f6eb39fe	derived-receipt+dup
docs/fixtures/humanmusic-r17/final/black_ice_f0100.mass.txt	20307	2003883f8a62027f6ebf6a6a7bf3580199236595273f9cf2aa06868838243c85	archive	2003883f8a62027f6ebf6a6a7bf3580199236595273f9cf2aa06868838243c85	derived-receipt+dup
docs/fixtures/humanmusic-r17/final/black_ice_f0100.notes.txt	221491	d759a5896fa95a70fb1971d05483a7c8aeae4453de8f17c2ed5fbc5cd19186e4	archive	d759a5896fa95a70fb1971d05483a7c8aeae4453de8f17c2ed5fbc5cd19186e4	derived-receipt+dup
docs/fixtures/humanmusic-r17/final/black_ice_f0100.occupancy.txt	117770	4b92371a5b63c257b0c2e653f73c9d1b28217926346919924647182b3db02d6c	inplace	docs/fixtures/humanmusic-r17/final/black_ice_r17.occupancy.txt	duplicate
docs/fixtures/humanmusic-r17/final/black_ice_f0100.phrase.txt	265814	d2535dc6e096f6b3ee201c13fbb55ce3547cea69974b6c7321d4dc2fe9d4acbd	archive	d2535dc6e096f6b3ee201c13fbb55ce3547cea69974b6c7321d4dc2fe9d4acbd	derived-receipt+dup
docs/fixtures/humanmusic-r17/final/black_ice_f0100.phrase_plans.txt	154788	613ef902527f668f128eee58aad0a7854ef35d27e3e59435662acd471ebcbb03	archive	613ef902527f668f128eee58aad0a7854ef35d27e3e59435662acd471ebcbb03	derived-receipt+dup
docs/fixtures/humanmusic-r17/final/black_ice_f0100.pocket.txt	259494	c87623f220f697491d1aa02abbafeb65b1f3a2c437518aade2f9cdf81a2837d5	archive	c87623f220f697491d1aa02abbafeb65b1f3a2c437518aade2f9cdf81a2837d5	derived-receipt+dup
docs/fixtures/humanmusic-r17/final/black_ice_f0100.tension.txt	4357	c2b07856f1698295b58bb3a32ca988b42f963bbc33e6819d99bae152a80da990	archive	c2b07856f1698295b58bb3a32ca988b42f963bbc33e6819d99bae152a80da990	derived-receipt+dup
docs/fixtures/humanmusic-r17/final/black_ice_f0100.voicing.txt	446808	39e13bf78b6618db4c58eb9a52f54f69a12c465efbb9e6b901bef5b5cec3e701	archive	39e13bf78b6618db4c58eb9a52f54f69a12c465efbb9e6b901bef5b5cec3e701	derived-receipt+dup
docs/fixtures/humanmusic-r17/final/black_ice_f0101.actions.txt	11395	e437da874bdc391f41a011ae3a8d41d085f4565db2649e61fab25a3c498954d8	inplace	docs/fixtures/humanmusic-r17/final/black_ice_r17.actions.txt	duplicate
docs/fixtures/humanmusic-r17/final/black_ice_f0101.conformance.txt	138	a92685e0e1784822262be537a2cbb37516ac4bd66d6a4fb2f1bb22aecfb4af1e	inplace	docs/fixtures/humanmusic-r17/final/black_ice_r17.conformance.txt	duplicate
docs/fixtures/humanmusic-r17/final/black_ice_f0101.continuity_links.txt	34805	1e3e921c4761f6d36cdc870ed83cc1c257ca1b2eda71ac82656df64c0c2fe7b2	inplace	docs/fixtures/humanmusic-r17/final/black_ice_r17.continuity_links.txt	duplicate
docs/fixtures/humanmusic-r17/final/black_ice_f0101.drums.txt	211479	8a014148a6bdbabacd38c65c1298cb228e1d03782a75fa1b3708452bbc2a2e55	inplace	docs/fixtures/humanmusic-r17/final/black_ice_r17.drums.txt	duplicate
docs/fixtures/humanmusic-r17/final/black_ice_f0101.expression.txt	13865	3de813484a51c6b179d7f86948d28b2ea37c23e56eba89d4ecee700283a3ddec	archive	3de813484a51c6b179d7f86948d28b2ea37c23e56eba89d4ecee700283a3ddec	derived-receipt+dup
docs/fixtures/humanmusic-r17/final/black_ice_f0101.expression_decisions.txt	301786	9e52caa63fc52d7b249f10f6a78390c0a6e8e847cdf3ac626adaa08cddd62e74	archive	9e52caa63fc52d7b249f10f6a78390c0a6e8e847cdf3ac626adaa08cddd62e74	derived-receipt+dup
docs/fixtures/humanmusic-r17/final/black_ice_f0101.hearings.txt	31053	38dfcf9bb2fe4c7fd93935d9079f230e8969353b1b1ec9e597387f417b9b2bb6	archive	38dfcf9bb2fe4c7fd93935d9079f230e8969353b1b1ec9e597387f417b9b2bb6	derived-receipt+dup
docs/fixtures/humanmusic-r17/final/black_ice_f0101.identity.txt	1027	1d7cf202f9edaf79f19bc3bf41857d53fe0edc4663818e9099345bbe2385bc26	archive	1d7cf202f9edaf79f19bc3bf41857d53fe0edc4663818e9099345bbe2385bc26	derived-receipt+dup
docs/fixtures/humanmusic-r17/final/black_ice_f0101.mass.txt	20307	2003883f8a62027f6ebf6a6a7bf3580199236595273f9cf2aa06868838243c85	archive	2003883f8a62027f6ebf6a6a7bf3580199236595273f9cf2aa06868838243c85	derived-receipt+dup
docs/fixtures/humanmusic-r17/final/black_ice_f0101.notes.txt	221376	7952c7b226c9abf2052d07eef01d4a705ad70262c915d7b7b3c94dc45beb9269	archive	7952c7b226c9abf2052d07eef01d4a705ad70262c915d7b7b3c94dc45beb9269	derived-receipt+dup
docs/fixtures/humanmusic-r17/final/black_ice_f0101.occupancy.txt	117770	4b92371a5b63c257b0c2e653f73c9d1b28217926346919924647182b3db02d6c	inplace	docs/fixtures/humanmusic-r17/final/black_ice_r17.occupancy.txt	duplicate
docs/fixtures/humanmusic-r17/final/black_ice_f0101.phrase.txt	265426	033723be16a7e4119374c3187bc7f9bf36b003ba5272141eaf1f2d3c15847007	archive	033723be16a7e4119374c3187bc7f9bf36b003ba5272141eaf1f2d3c15847007	derived-receipt+dup
docs/fixtures/humanmusic-r17/final/black_ice_f0101.phrase_plans.txt	160116	9171a18355dc156a1821807e1b12092a50ab0b23576d72368e823a51eb98e186	archive	9171a18355dc156a1821807e1b12092a50ab0b23576d72368e823a51eb98e186	derived-receipt+dup
docs/fixtures/humanmusic-r17/final/black_ice_f0101.pocket.txt	259762	d683c3a84b91307cf40eff47f400a1b3b5746575a0a092d580521fd45007c7e7	archive	d683c3a84b91307cf40eff47f400a1b3b5746575a0a092d580521fd45007c7e7	derived-receipt+dup
docs/fixtures/humanmusic-r17/final/black_ice_f0101.tension.txt	4353	16bcbb76fca263f60ee6b8e634eb115566bff1d584532aa99c0ae1e21c2d9a11	archive	16bcbb76fca263f60ee6b8e634eb115566bff1d584532aa99c0ae1e21c2d9a11	derived-receipt+dup
docs/fixtures/humanmusic-r17/final/black_ice_f0101.voicing.txt	446542	fae43b417eeaf328e2c05e436a8e82beeb3e6cba0a1747357e1d374a5a9a523a	archive	fae43b417eeaf328e2c05e436a8e82beeb3e6cba0a1747357e1d374a5a9a523a	derived-receipt+dup
docs/fixtures/humanmusic-r17/final/black_ice_f0110.actions.txt	11395	e437da874bdc391f41a011ae3a8d41d085f4565db2649e61fab25a3c498954d8	inplace	docs/fixtures/humanmusic-r17/final/black_ice_r17.actions.txt	duplicate
docs/fixtures/humanmusic-r17/final/black_ice_f0110.conformance.txt	138	a92685e0e1784822262be537a2cbb37516ac4bd66d6a4fb2f1bb22aecfb4af1e	inplace	docs/fixtures/humanmusic-r17/final/black_ice_r17.conformance.txt	duplicate
docs/fixtures/humanmusic-r17/final/black_ice_f0110.continuity_links.txt	34805	5905155e012735a10afe45e54ea255d4019326cf816b2355ef02d4a750e42b46	archive	5905155e012735a10afe45e54ea255d4019326cf816b2355ef02d4a750e42b46	derived-receipt+dup
docs/fixtures/humanmusic-r17/final/black_ice_f0110.drums.txt	211479	8a014148a6bdbabacd38c65c1298cb228e1d03782a75fa1b3708452bbc2a2e55	inplace	docs/fixtures/humanmusic-r17/final/black_ice_r17.drums.txt	duplicate
docs/fixtures/humanmusic-r17/final/black_ice_f0110.expression.txt	14223	ca123560d361889901237df91837f2c395c3baa137e640ac65ea519fa2e2632d	archive	ca123560d361889901237df91837f2c395c3baa137e640ac65ea519fa2e2632d	derived-receipt+dup
docs/fixtures/humanmusic-r17/final/black_ice_f0110.expression_decisions.txt	301997	c1308cf11ba0be356d3b171125b11594d2a479a23ea5f384976d2faca05b9cd3	archive	c1308cf11ba0be356d3b171125b11594d2a479a23ea5f384976d2faca05b9cd3	derived-receipt+dup
docs/fixtures/humanmusic-r17/final/black_ice_f0110.hearings.txt	31403	ddd7b542dc6c1a6f6dbaf24e6b0ed9fb917a58fe26df67082fcc7a4503647949	archive	ddd7b542dc6c1a6f6dbaf24e6b0ed9fb917a58fe26df67082fcc7a4503647949	derived-receipt+dup
docs/fixtures/humanmusic-r17/final/black_ice_f0110.identity.txt	765	c2c1a0ef57013348732eed7b5dfa4b02c987942b674ab660ee68f60429556e2e	archive	c2c1a0ef57013348732eed7b5dfa4b02c987942b674ab660ee68f60429556e2e	derived-receipt+dup
docs/fixtures/humanmusic-r17/final/black_ice_f0110.mass.txt	20307	d1701ce809b4b96bf5a0c4df5c43f92978c3494d5806f8eae787fa5d13d27164	archive	d1701ce809b4b96bf5a0c4df5c43f92978c3494d5806f8eae787fa5d13d27164	derived-receipt+dup
docs/fixtures/humanmusic-r17/final/black_ice_f0110.notes.txt	221496	d705a254ccd5803b37d428cee7eaee40d6e7bd7d26252d713e88584ae734a2dc	archive	d705a254ccd5803b37d428cee7eaee40d6e7bd7d26252d713e88584ae734a2dc	derived-receipt+dup
docs/fixtures/humanmusic-r17/final/black_ice_f0110.occupancy.txt	117770	4b92371a5b63c257b0c2e653f73c9d1b28217926346919924647182b3db02d6c	inplace	docs/fixtures/humanmusic-r17/final/black_ice_r17.occupancy.txt	duplicate
docs/fixtures/humanmusic-r17/final/black_ice_f0110.phrase.txt	265125	39b4bb82a59c3dd5ec3ee73106279999028c1587c1e662aa23c7e85fed9c6bb3	archive	39b4bb82a59c3dd5ec3ee73106279999028c1587c1e662aa23c7e85fed9c6bb3	derived-receipt+dup
docs/fixtures/humanmusic-r17/final/black_ice_f0110.phrase_plans.txt	155976	40b59cd408f63b632741a68df5ab34559aa03eb8adcef9e10c6c6a25a255b18d	archive	40b59cd408f63b632741a68df5ab34559aa03eb8adcef9e10c6c6a25a255b18d	derived-receipt+dup
docs/fixtures/humanmusic-r17/final/black_ice_f0110.pocket.txt	259718	d73e5a1f5fe9ee7051165f4be279fd532e4d53982e7322ba9878d32654fa2dc5	archive	d73e5a1f5fe9ee7051165f4be279fd532e4d53982e7322ba9878d32654fa2dc5	derived-receipt+dup
docs/fixtures/humanmusic-r17/final/black_ice_f0110.tension.txt	4353	9c05b9704e178bc8fcab0fce461e0f2f4207f08d9f41f4fdbfc9b2ff16c2c9b9	archive	9c05b9704e178bc8fcab0fce461e0f2f4207f08d9f41f4fdbfc9b2ff16c2c9b9	derived-receipt+dup
docs/fixtures/humanmusic-r17/final/black_ice_f0110.voicing.txt	472918	e764e80a3dab3a20a48da8cba8471320c281a340e698b3cb556fe7c168f0ae56	archive	e764e80a3dab3a20a48da8cba8471320c281a340e698b3cb556fe7c168f0ae56	derived-receipt+dup
docs/fixtures/humanmusic-r17/final/black_ice_f0111.actions.txt	11395	e437da874bdc391f41a011ae3a8d41d085f4565db2649e61fab25a3c498954d8	inplace	docs/fixtures/humanmusic-r17/final/black_ice_r17.actions.txt	duplicate
docs/fixtures/humanmusic-r17/final/black_ice_f0111.conformance.txt	138	a92685e0e1784822262be537a2cbb37516ac4bd66d6a4fb2f1bb22aecfb4af1e	inplace	docs/fixtures/humanmusic-r17/final/black_ice_r17.conformance.txt	duplicate
docs/fixtures/humanmusic-r17/final/black_ice_f0111.continuity_links.txt	34805	1e3e921c4761f6d36cdc870ed83cc1c257ca1b2eda71ac82656df64c0c2fe7b2	inplace	docs/fixtures/humanmusic-r17/final/black_ice_r17.continuity_links.txt	duplicate
docs/fixtures/humanmusic-r17/final/black_ice_f0111.drums.txt	211479	8a014148a6bdbabacd38c65c1298cb228e1d03782a75fa1b3708452bbc2a2e55	inplace	docs/fixtures/humanmusic-r17/final/black_ice_r17.drums.txt	duplicate
docs/fixtures/humanmusic-r17/final/black_ice_f0111.expression.txt	14223	7654bfd7ca015c9dadc85dd07b6568bc523606246c68e2da092f7d3a67a4bfe7	archive	7654bfd7ca015c9dadc85dd07b6568bc523606246c68e2da092f7d3a67a4bfe7	derived-receipt+dup
docs/fixtures/humanmusic-r17/final/black_ice_f0111.expression_decisions.txt	301959	0b45a0b40a1cb2f324e9863f5e7c5075b2aa9a50939ed0f834e8434a43dc7b51	inplace	docs/fixtures/humanmusic-r17/final/black_ice_r17.expression_decisions.txt	duplicate
docs/fixtures/humanmusic-r17/final/black_ice_f0111.hearings.txt	31359	e169847a7af84f5c2f59d799ffebcd72a7b3c37877b5f977adaaad55ab22ae23	inplace	docs/fixtures/humanmusic-r17/final/black_ice_r17.hearings.txt	duplicate
docs/fixtures/humanmusic-r17/final/black_ice_f0111.identity.txt	852	2c15e67d5adba682cb1500e9596803d80464db9d5e97d1db8c48c6196c7dab05	archive	2c15e67d5adba682cb1500e9596803d80464db9d5e97d1db8c48c6196c7dab05	derived-receipt+dup
docs/fixtures/humanmusic-r17/final/black_ice_f0111.mass.txt	20307	d1701ce809b4b96bf5a0c4df5c43f92978c3494d5806f8eae787fa5d13d27164	archive	d1701ce809b4b96bf5a0c4df5c43f92978c3494d5806f8eae787fa5d13d27164	derived-receipt+dup
docs/fixtures/humanmusic-r17/final/black_ice_f0111.notes.txt	221478	8cb21f787b83eae6e6ced0e00fc21a7b353d4cdedcb8c0e795d744c71b95dee4	inplace	docs/fixtures/humanmusic-r17/final/black_ice_r17.notes.txt	duplicate
docs/fixtures/humanmusic-r17/final/black_ice_f0111.occupancy.txt	117770	4b92371a5b63c257b0c2e653f73c9d1b28217926346919924647182b3db02d6c	inplace	docs/fixtures/humanmusic-r17/final/black_ice_r17.occupancy.txt	duplicate
docs/fixtures/humanmusic-r17/final/black_ice_f0111.phrase.txt	264887	2d980c5967dc66542f871f1afac8a463febeb90e52f8a09c3447fa7ffc3c0834	inplace	docs/fixtures/humanmusic-r17/final/black_ice_r17.phrase.txt	duplicate
docs/fixtures/humanmusic-r17/final/black_ice_f0111.phrase_plans.txt	160212	51ff39520a9d46c2cbf39ebef96fd438381c1f38c5659b9e00910ee955802812	inplace	docs/fixtures/humanmusic-r17/final/black_ice_r17.phrase_plans.txt	duplicate
docs/fixtures/humanmusic-r17/final/black_ice_f0111.pocket.txt	259957	e6d155b3cc5d2b80f2e71b40e3fdf1a820ece9ef0901fe1b5f9dd6804013e63a	inplace	docs/fixtures/humanmusic-r17/final/black_ice_r17.pocket.txt	duplicate
docs/fixtures/humanmusic-r17/final/black_ice_f0111.tension.txt	4353	9c05b9704e178bc8fcab0fce461e0f2f4207f08d9f41f4fdbfc9b2ff16c2c9b9	archive	9c05b9704e178bc8fcab0fce461e0f2f4207f08d9f41f4fdbfc9b2ff16c2c9b9	derived-receipt+dup
docs/fixtures/humanmusic-r17/final/black_ice_f0111.voicing.txt	472543	00d07df545a5744302e9edf712858ef46634ad90ae9d1cdbf7a090b88062cdb9	archive	00d07df545a5744302e9edf712858ef46634ad90ae9d1cdbf7a090b88062cdb9	derived-receipt+dup
docs/fixtures/humanmusic-r17/final/black_ice_f1000.actions.txt	11395	e437da874bdc391f41a011ae3a8d41d085f4565db2649e61fab25a3c498954d8	inplace	docs/fixtures/humanmusic-r17/final/black_ice_r17.actions.txt	duplicate
docs/fixtures/humanmusic-r17/final/black_ice_f1000.conformance.txt	138	a92685e0e1784822262be537a2cbb37516ac4bd66d6a4fb2f1bb22aecfb4af1e	inplace	docs/fixtures/humanmusic-r17/final/black_ice_r17.conformance.txt	duplicate
docs/fixtures/humanmusic-r17/final/black_ice_f1000.continuity_links.txt	2	4f53cda18c2baa0c0354bb5f9a3ecbe5ed12ab4d8e11ba873c2f11161202b945	inplace	docs/fixtures/humanmusic-r17/final/swiss_r17.continuity_links.txt	duplicate
docs/fixtures/humanmusic-r17/final/black_ice_f1000.drums.txt	211479	ed229e082a3f226bf0562d46801e2d8f620d94846a05366ab436154301a8ffe6	archive	ed229e082a3f226bf0562d46801e2d8f620d94846a05366ab436154301a8ffe6	derived-receipt+dup
docs/fixtures/humanmusic-r17/final/black_ice_f1000.expression.txt	12718	1ad0213ef247dce4d18abd2fd1a7703339fe346762256413246d4cfab8bef5e7	archive	1ad0213ef247dce4d18abd2fd1a7703339fe346762256413246d4cfab8bef5e7	derived-receipt+dup
docs/fixtures/humanmusic-r17/final/black_ice_f1000.expression_decisions.txt	336102	4653ce585eabd616b0c8fd5bbae90e31091c709623e1b999a15471f1ab54933e	archive	4653ce585eabd616b0c8fd5bbae90e31091c709623e1b999a15471f1ab54933e	derived-receipt+dup
docs/fixtures/humanmusic-r17/final/black_ice_f1000.hearings.txt	31073	659f9bda712aaafbc2e1e60cd3b129ae46ac3a9a06156cc189c9d824c57f4962	archive	659f9bda712aaafbc2e1e60cd3b129ae46ac3a9a06156cc189c9d824c57f4962	derived-receipt+dup
docs/fixtures/humanmusic-r17/final/black_ice_f1000.identity.txt	765	f4a154f14e2f878034f97a8790b4787b846e4026d2a67381f4bf598d8baf22e7	archive	f4a154f14e2f878034f97a8790b4787b846e4026d2a67381f4bf598d8baf22e7	derived-receipt+dup
docs/fixtures/humanmusic-r17/final/black_ice_f1000.mass.txt	20307	0f69ce8b2346df83ef6e34daabe8d001c54e608f3c1fbe07e81a5ca7a90430bb	archive	0f69ce8b2346df83ef6e34daabe8d001c54e608f3c1fbe07e81a5ca7a90430bb	derived-receipt+dup
docs/fixtures/humanmusic-r17/final/black_ice_f1000.notes.txt	220018	74fc23b6aab2356e40f022b4b0526c0cb048cd729785a78f912b80dfdbc5defa	archive	74fc23b6aab2356e40f022b4b0526c0cb048cd729785a78f912b80dfdbc5defa	derived-receipt+dup
docs/fixtures/humanmusic-r17/final/black_ice_f1000.occupancy.txt	117760	f3539c79fc9e2816bc58eb6ee4d4d261c2f4f4cc9dee3572fb693464f1094e36	archive	f3539c79fc9e2816bc58eb6ee4d4d261c2f4f4cc9dee3572fb693464f1094e36	derived-receipt+dup
docs/fixtures/humanmusic-r17/final/black_ice_f1000.phrase.txt	263216	ee51d112bd7167f4c092c22559933a1484908b69f4e719b1c632c42c692bf320	archive	ee51d112bd7167f4c092c22559933a1484908b69f4e719b1c632c42c692bf320	derived-receipt+dup
docs/fixtures/humanmusic-r17/final/black_ice_f1000.phrase_plans.txt	165823	ec1a4ad3e5f884955d2125243e0cf9aba90f005c65051a4a7a519fe65893ab5b	archive	ec1a4ad3e5f884955d2125243e0cf9aba90f005c65051a4a7a519fe65893ab5b	derived-receipt+dup
docs/fixtures/humanmusic-r17/final/black_ice_f1000.pocket.txt	264353	9798e6962d6ab5988a45df4ea7eb3e1423fe237cccc720ed28385cf7c2afda84	archive	9798e6962d6ab5988a45df4ea7eb3e1423fe237cccc720ed28385cf7c2afda84	derived-receipt+dup
docs/fixtures/humanmusic-r17/final/black_ice_f1000.tension.txt	1364	89bb25b132b9fe2f9627e0b62e1d7d09f877dd51fd9b6a72e2e71df91156c5be	archive	89bb25b132b9fe2f9627e0b62e1d7d09f877dd51fd9b6a72e2e71df91156c5be	derived-receipt+dup
docs/fixtures/humanmusic-r17/final/black_ice_f1000.voicing.txt	444351	b39167c3bd5cd8a94c70e3483c04418cfeeb1345658d5668bbfad8ba7be1a806	archive	b39167c3bd5cd8a94c70e3483c04418cfeeb1345658d5668bbfad8ba7be1a806	derived-receipt+dup
docs/fixtures/humanmusic-r17/final/black_ice_f1001.actions.txt	11395	e437da874bdc391f41a011ae3a8d41d085f4565db2649e61fab25a3c498954d8	inplace	docs/fixtures/humanmusic-r17/final/black_ice_r17.actions.txt	duplicate
docs/fixtures/humanmusic-r17/final/black_ice_f1001.conformance.txt	138	a92685e0e1784822262be537a2cbb37516ac4bd66d6a4fb2f1bb22aecfb4af1e	inplace	docs/fixtures/humanmusic-r17/final/black_ice_r17.conformance.txt	duplicate
docs/fixtures/humanmusic-r17/final/black_ice_f1001.continuity_links.txt	2	4f53cda18c2baa0c0354bb5f9a3ecbe5ed12ab4d8e11ba873c2f11161202b945	inplace	docs/fixtures/humanmusic-r17/final/swiss_r17.continuity_links.txt	duplicate
docs/fixtures/humanmusic-r17/final/black_ice_f1001.drums.txt	211479	8a014148a6bdbabacd38c65c1298cb228e1d03782a75fa1b3708452bbc2a2e55	inplace	docs/fixtures/humanmusic-r17/final/black_ice_r17.drums.txt	duplicate
docs/fixtures/humanmusic-r17/final/black_ice_f1001.expression.txt	13865	3de813484a51c6b179d7f86948d28b2ea37c23e56eba89d4ecee700283a3ddec	archive	3de813484a51c6b179d7f86948d28b2ea37c23e56eba89d4ecee700283a3ddec	derived-receipt+dup
docs/fixtures/humanmusic-r17/final/black_ice_f1001.expression_decisions.txt	301752	e196311a63a2e46a288dc66ae8351de04124c84a6e464559fb3b785f43e1b622	archive	e196311a63a2e46a288dc66ae8351de04124c84a6e464559fb3b785f43e1b622	derived-receipt+dup
docs/fixtures/humanmusic-r17/final/black_ice_f1001.hearings.txt	31053	38dfcf9bb2fe4c7fd93935d9079f230e8969353b1b1ec9e597387f417b9b2bb6	archive	38dfcf9bb2fe4c7fd93935d9079f230e8969353b1b1ec9e597387f417b9b2bb6	derived-receipt+dup
docs/fixtures/humanmusic-r17/final/black_ice_f1001.identity.txt	1027	243ca385b545914e06834ee2b109330f420aa8e00683f7d95bdead25f35195db	archive	243ca385b545914e06834ee2b109330f420aa8e00683f7d95bdead25f35195db	derived-receipt+dup
docs/fixtures/humanmusic-r17/final/black_ice_f1001.mass.txt	20307	8ce37a47dd427cc2432c31135036361b7015dbca6d71d6429764e7319228ac77	archive	8ce37a47dd427cc2432c31135036361b7015dbca6d71d6429764e7319228ac77	derived-receipt+dup
docs/fixtures/humanmusic-r17/final/black_ice_f1001.notes.txt	221376	7952c7b226c9abf2052d07eef01d4a705ad70262c915d7b7b3c94dc45beb9269	archive	7952c7b226c9abf2052d07eef01d4a705ad70262c915d7b7b3c94dc45beb9269	derived-receipt+dup
docs/fixtures/humanmusic-r17/final/black_ice_f1001.occupancy.txt	117770	4b92371a5b63c257b0c2e653f73c9d1b28217926346919924647182b3db02d6c	inplace	docs/fixtures/humanmusic-r17/final/black_ice_r17.occupancy.txt	duplicate
docs/fixtures/humanmusic-r17/final/black_ice_f1001.phrase.txt	265426	033723be16a7e4119374c3187bc7f9bf36b003ba5272141eaf1f2d3c15847007	archive	033723be16a7e4119374c3187bc7f9bf36b003ba5272141eaf1f2d3c15847007	derived-receipt+dup
docs/fixtures/humanmusic-r17/final/black_ice_f1001.phrase_plans.txt	160116	9171a18355dc156a1821807e1b12092a50ab0b23576d72368e823a51eb98e186	archive	9171a18355dc156a1821807e1b12092a50ab0b23576d72368e823a51eb98e186	derived-receipt+dup
docs/fixtures/humanmusic-r17/final/black_ice_f1001.pocket.txt	259762	d683c3a84b91307cf40eff47f400a1b3b5746575a0a092d580521fd45007c7e7	archive	d683c3a84b91307cf40eff47f400a1b3b5746575a0a092d580521fd45007c7e7	derived-receipt+dup
docs/fixtures/humanmusic-r17/final/black_ice_f1001.tension.txt	1360	294fe35c88ae8eea546a4bd62150065a9a89c3c09f707929e177599dc2592355	archive	294fe35c88ae8eea546a4bd62150065a9a89c3c09f707929e177599dc2592355	derived-receipt+dup
docs/fixtures/humanmusic-r17/final/black_ice_f1001.voicing.txt	446542	fae43b417eeaf328e2c05e436a8e82beeb3e6cba0a1747357e1d374a5a9a523a	archive	fae43b417eeaf328e2c05e436a8e82beeb3e6cba0a1747357e1d374a5a9a523a	derived-receipt+dup
docs/fixtures/humanmusic-r17/final/black_ice_f1010.actions.txt	11395	e437da874bdc391f41a011ae3a8d41d085f4565db2649e61fab25a3c498954d8	inplace	docs/fixtures/humanmusic-r17/final/black_ice_r17.actions.txt	duplicate
docs/fixtures/humanmusic-r17/final/black_ice_f1010.conformance.txt	138	a92685e0e1784822262be537a2cbb37516ac4bd66d6a4fb2f1bb22aecfb4af1e	inplace	docs/fixtures/humanmusic-r17/final/black_ice_r17.conformance.txt	duplicate
docs/fixtures/humanmusic-r17/final/black_ice_f1010.continuity_links.txt	2	4f53cda18c2baa0c0354bb5f9a3ecbe5ed12ab4d8e11ba873c2f11161202b945	inplace	docs/fixtures/humanmusic-r17/final/swiss_r17.continuity_links.txt	duplicate
docs/fixtures/humanmusic-r17/final/black_ice_f1010.drums.txt	211479	dcf1e7bc00a1588766a8ad52237b2ce5936fe6a93215fcbbb579bea23d99abfa	archive	dcf1e7bc00a1588766a8ad52237b2ce5936fe6a93215fcbbb579bea23d99abfa	derived-receipt+dup
docs/fixtures/humanmusic-r17/final/black_ice_f1010.expression.txt	14223	ea3f71598c75db8abb277fdb2fe17fd16d9a285b0ce14d244ef67216d59b3d1a	archive	ea3f71598c75db8abb277fdb2fe17fd16d9a285b0ce14d244ef67216d59b3d1a	derived-receipt+dup
docs/fixtures/humanmusic-r17/final/black_ice_f1010.expression_decisions.txt	302036	d23cdf9be75fc49f4d52d629a1e94a4daf20c0840a88434ffa8f6b07c6308683	archive	d23cdf9be75fc49f4d52d629a1e94a4daf20c0840a88434ffa8f6b07c6308683	derived-receipt+dup
docs/fixtures/humanmusic-r17/final/black_ice_f1010.hearings.txt	31533	ff676f2fa2e980eafe426b20c8ece967e85eae2b0504e9f6058b49dc5a0ab626	archive	ff676f2fa2e980eafe426b20c8ece967e85eae2b0504e9f6058b49dc5a0ab626	derived-receipt+dup
docs/fixtures/humanmusic-r17/final/black_ice_f1010.identity.txt	765	decefdf1896c9f85197f8a30eb02b93082e7aed3f9278e45ad7d56b286ddabcc	archive	decefdf1896c9f85197f8a30eb02b93082e7aed3f9278e45ad7d56b286ddabcc	derived-receipt+dup
docs/fixtures/humanmusic-r17/final/black_ice_f1010.mass.txt	20307	a6065e010fb8579cb4886c17bce66f5cd0549ea80202b39a5bbef1802de7acb1	archive	a6065e010fb8579cb4886c17bce66f5cd0549ea80202b39a5bbef1802de7acb1	derived-receipt+dup
docs/fixtures/humanmusic-r17/final/black_ice_f1010.notes.txt	221531	08199f81232a3f5f6979f7093c6ba0ec991afaaed8a8ad0ffbb81f13ac8ae64c	archive	08199f81232a3f5f6979f7093c6ba0ec991afaaed8a8ad0ffbb81f13ac8ae64c	derived-receipt+dup
docs/fixtures/humanmusic-r17/final/black_ice_f1010.occupancy.txt	117770	4b92371a5b63c257b0c2e653f73c9d1b28217926346919924647182b3db02d6c	inplace	docs/fixtures/humanmusic-r17/final/black_ice_r17.occupancy.txt	duplicate
docs/fixtures/humanmusic-r17/final/black_ice_f1010.phrase.txt	265099	3095349dcecef34e2d577f5dd0285434124cd551fae30d06c30bba87587a6688	archive	3095349dcecef34e2d577f5dd0285434124cd551fae30d06c30bba87587a6688	derived-receipt+dup
docs/fixtures/humanmusic-r17/final/black_ice_f1010.phrase_plans.txt	159762	1e79d9d9b3d213d51b1c5d070bf81b7656d27e2804453076bc6e041048d0f7e4	archive	1e79d9d9b3d213d51b1c5d070bf81b7656d27e2804453076bc6e041048d0f7e4	derived-receipt+dup
docs/fixtures/humanmusic-r17/final/black_ice_f1010.pocket.txt	259793	82f2d596f2352078c1e8f8379fbe7fa27f70085d0ee3220053f10312411c6888	archive	82f2d596f2352078c1e8f8379fbe7fa27f70085d0ee3220053f10312411c6888	derived-receipt+dup
docs/fixtures/humanmusic-r17/final/black_ice_f1010.tension.txt	1360	294fe35c88ae8eea546a4bd62150065a9a89c3c09f707929e177599dc2592355	archive	294fe35c88ae8eea546a4bd62150065a9a89c3c09f707929e177599dc2592355	derived-receipt+dup
docs/fixtures/humanmusic-r17/final/black_ice_f1010.voicing.txt	474063	1e158810968f91593ef03b21acfd8150ea1f692c5850c342e9cf1970bbe55cd6	archive	1e158810968f91593ef03b21acfd8150ea1f692c5850c342e9cf1970bbe55cd6	derived-receipt+dup
docs/fixtures/humanmusic-r17/final/black_ice_f1011.actions.txt	11395	10762860682c42e1cd468e984f8b2ac7895fe7163502fd6178d8f5f115fb2b95	archive	10762860682c42e1cd468e984f8b2ac7895fe7163502fd6178d8f5f115fb2b95	derived-receipt+dup
docs/fixtures/humanmusic-r17/final/black_ice_f1011.conformance.txt	138	a92685e0e1784822262be537a2cbb37516ac4bd66d6a4fb2f1bb22aecfb4af1e	inplace	docs/fixtures/humanmusic-r17/final/black_ice_r17.conformance.txt	duplicate
docs/fixtures/humanmusic-r17/final/black_ice_f1011.continuity_links.txt	2	4f53cda18c2baa0c0354bb5f9a3ecbe5ed12ab4d8e11ba873c2f11161202b945	inplace	docs/fixtures/humanmusic-r17/final/swiss_r17.continuity_links.txt	duplicate
docs/fixtures/humanmusic-r17/final/black_ice_f1011.drums.txt	211479	64a5c4dd715b6bd2c610b7629643bc22025383c6a8bc5f30c7b76c0e73606a9a	archive	64a5c4dd715b6bd2c610b7629643bc22025383c6a8bc5f30c7b76c0e73606a9a	derived-receipt+dup
docs/fixtures/humanmusic-r17/final/black_ice_f1011.expression.txt	7867	0b9883b09b126cd36755f414faa645fc4d38a3e672d585c09bd6013da1887ad3	archive	0b9883b09b126cd36755f414faa645fc4d38a3e672d585c09bd6013da1887ad3	derived-receipt+dup
docs/fixtures/humanmusic-r17/final/black_ice_f1011.expression_decisions.txt	208590	4eccb9c1fc825e9ad9c9ca90862db9dda018b5f8fdfe01bf102286896452da50	archive	4eccb9c1fc825e9ad9c9ca90862db9dda018b5f8fdfe01bf102286896452da50	derived-receipt+dup
docs/fixtures/humanmusic-r17/final/black_ice_f1011.hearings.txt	28565	f31ff6468effd9c7a6db1d9e660a320a19da3cfb8e69ced8bef1a43f90670026	archive	f31ff6468effd9c7a6db1d9e660a320a19da3cfb8e69ced8bef1a43f90670026	derived-receipt+dup
docs/fixtures/humanmusic-r17/final/black_ice_f1011.identity.txt	852	c068789f5b49b18dd3e6d36ce29dac4f3594d76c85afd4c761c4404da9f543b6	archive	c068789f5b49b18dd3e6d36ce29dac4f3594d76c85afd4c761c4404da9f543b6	derived-receipt+dup
docs/fixtures/humanmusic-r17/final/black_ice_f1011.mass.txt	19445	3b61826d8859f5d6e40060e38114704a523b5cd655ec3cfdbf85ef399a39b9f8	archive	3b61826d8859f5d6e40060e38114704a523b5cd655ec3cfdbf85ef399a39b9f8	derived-receipt+dup
docs/fixtures/humanmusic-r17/final/black_ice_f1011.notes.txt	212842	ff1ba0b0c7f9b6863aaacd01fbaf68780228142d2ce97f9e6768868f15346b21	archive	ff1ba0b0c7f9b6863aaacd01fbaf68780228142d2ce97f9e6768868f15346b21	derived-receipt+dup
docs/fixtures/humanmusic-r17/final/black_ice_f1011.occupancy.txt	117770	4b92371a5b63c257b0c2e653f73c9d1b28217926346919924647182b3db02d6c	inplace	docs/fixtures/humanmusic-r17/final/black_ice_r17.occupancy.txt	duplicate
docs/fixtures/humanmusic-r17/final/black_ice_f1011.phrase.txt	250446	c76f23257b276cf69bb55ad7e98bb97b9be1ae54ced67f537a59969d5369fa8c	archive	c76f23257b276cf69bb55ad7e98bb97b9be1ae54ced67f537a59969d5369fa8c	derived-receipt+dup
docs/fixtures/humanmusic-r17/final/black_ice_f1011.phrase_plans.txt	137470	adc71d11ed687c6fe8ad83cf794b75235b7c146a8ec88517148de3ea64b7bb00	archive	adc71d11ed687c6fe8ad83cf794b75235b7c146a8ec88517148de3ea64b7bb00	derived-receipt+dup
docs/fixtures/humanmusic-r17/final/black_ice_f1011.pocket.txt	234924	3e44a5c93265789c0a3b66310e3d7c6ab9b8033e740db028b99d3e83a08f2d05	archive	3e44a5c93265789c0a3b66310e3d7c6ab9b8033e740db028b99d3e83a08f2d05	derived-receipt+dup
docs/fixtures/humanmusic-r17/final/black_ice_f1011.tension.txt	1360	9447964b0b2d3bf65d7f31994b93c36bcd58d242f31b89457991a7a8ac163004	archive	9447964b0b2d3bf65d7f31994b93c36bcd58d242f31b89457991a7a8ac163004	derived-receipt+dup
docs/fixtures/humanmusic-r17/final/black_ice_f1011.voicing.txt	453089	6680a28ee929d270d56b445ef3e4ca70391fce746f290dbd6e3ec177484b1e9a	archive	6680a28ee929d270d56b445ef3e4ca70391fce746f290dbd6e3ec177484b1e9a	derived-receipt+dup
docs/fixtures/humanmusic-r17/final/black_ice_f1100.actions.txt	11395	e437da874bdc391f41a011ae3a8d41d085f4565db2649e61fab25a3c498954d8	inplace	docs/fixtures/humanmusic-r17/final/black_ice_r17.actions.txt	duplicate
docs/fixtures/humanmusic-r17/final/black_ice_f1100.conformance.txt	138	a92685e0e1784822262be537a2cbb37516ac4bd66d6a4fb2f1bb22aecfb4af1e	inplace	docs/fixtures/humanmusic-r17/final/black_ice_r17.conformance.txt	duplicate
docs/fixtures/humanmusic-r17/final/black_ice_f1100.continuity_links.txt	34805	6b03f84b719e283b96ef10747559158f26891b529ab69f0d523dd03ee2ce75ac	archive	6b03f84b719e283b96ef10747559158f26891b529ab69f0d523dd03ee2ce75ac	derived-receipt+dup
docs/fixtures/humanmusic-r17/final/black_ice_f1100.drums.txt	211479	ed229e082a3f226bf0562d46801e2d8f620d94846a05366ab436154301a8ffe6	archive	ed229e082a3f226bf0562d46801e2d8f620d94846a05366ab436154301a8ffe6	derived-receipt+dup
docs/fixtures/humanmusic-r17/final/black_ice_f1100.expression.txt	13865	e445700763c50c88b894811e4fd0bbb6e3c9c1aa855cf6a742364416b89bfba9	archive	e445700763c50c88b894811e4fd0bbb6e3c9c1aa855cf6a742364416b89bfba9	derived-receipt+dup
docs/fixtures/humanmusic-r17/final/black_ice_f1100.expression_decisions.txt	301966	b82c332db4a72da47c982842a57f452106e2cdd2e8f94c7b2d057318bc6934ba	archive	b82c332db4a72da47c982842a57f452106e2cdd2e8f94c7b2d057318bc6934ba	derived-receipt+dup
docs/fixtures/humanmusic-r17/final/black_ice_f1100.hearings.txt	31403	fbc08ef54877788efe44cf334c7504ee7a0395670f87c941816710e9bdd39029	archive	fbc08ef54877788efe44cf334c7504ee7a0395670f87c941816710e9bdd39029	derived-receipt+dup
docs/fixtures/humanmusic-r17/final/black_ice_f1100.identity.txt	940	71048e389bcd68ad9a94db584929c05a586cfdc6ebadea94f360db61f6eb39fe	archive	71048e389bcd68ad9a94db584929c05a586cfdc6ebadea94f360db61f6eb39fe	derived-receipt+dup
docs/fixtures/humanmusic-r17/final/black_ice_f1100.mass.txt	20307	2003883f8a62027f6ebf6a6a7bf3580199236595273f9cf2aa06868838243c85	archive	2003883f8a62027f6ebf6a6a7bf3580199236595273f9cf2aa06868838243c85	derived-receipt+dup
docs/fixtures/humanmusic-r17/final/black_ice_f1100.notes.txt	221491	d759a5896fa95a70fb1971d05483a7c8aeae4453de8f17c2ed5fbc5cd19186e4	archive	d759a5896fa95a70fb1971d05483a7c8aeae4453de8f17c2ed5fbc5cd19186e4	derived-receipt+dup
docs/fixtures/humanmusic-r17/final/black_ice_f1100.occupancy.txt	117770	4b92371a5b63c257b0c2e653f73c9d1b28217926346919924647182b3db02d6c	inplace	docs/fixtures/humanmusic-r17/final/black_ice_r17.occupancy.txt	duplicate
docs/fixtures/humanmusic-r17/final/black_ice_f1100.phrase.txt	265814	d2535dc6e096f6b3ee201c13fbb55ce3547cea69974b6c7321d4dc2fe9d4acbd	archive	d2535dc6e096f6b3ee201c13fbb55ce3547cea69974b6c7321d4dc2fe9d4acbd	derived-receipt+dup
docs/fixtures/humanmusic-r17/final/black_ice_f1100.phrase_plans.txt	154788	613ef902527f668f128eee58aad0a7854ef35d27e3e59435662acd471ebcbb03	archive	613ef902527f668f128eee58aad0a7854ef35d27e3e59435662acd471ebcbb03	derived-receipt+dup
docs/fixtures/humanmusic-r17/final/black_ice_f1100.pocket.txt	259494	c87623f220f697491d1aa02abbafeb65b1f3a2c437518aade2f9cdf81a2837d5	archive	c87623f220f697491d1aa02abbafeb65b1f3a2c437518aade2f9cdf81a2837d5	derived-receipt+dup
docs/fixtures/humanmusic-r17/final/black_ice_f1100.tension.txt	4357	c2b07856f1698295b58bb3a32ca988b42f963bbc33e6819d99bae152a80da990	archive	c2b07856f1698295b58bb3a32ca988b42f963bbc33e6819d99bae152a80da990	derived-receipt+dup
docs/fixtures/humanmusic-r17/final/black_ice_f1100.voicing.txt	446808	39e13bf78b6618db4c58eb9a52f54f69a12c465efbb9e6b901bef5b5cec3e701	archive	39e13bf78b6618db4c58eb9a52f54f69a12c465efbb9e6b901bef5b5cec3e701	derived-receipt+dup
docs/fixtures/humanmusic-r17/final/black_ice_f1101.actions.txt	11395	e437da874bdc391f41a011ae3a8d41d085f4565db2649e61fab25a3c498954d8	inplace	docs/fixtures/humanmusic-r17/final/black_ice_r17.actions.txt	duplicate
docs/fixtures/humanmusic-r17/final/black_ice_f1101.conformance.txt	138	a92685e0e1784822262be537a2cbb37516ac4bd66d6a4fb2f1bb22aecfb4af1e	inplace	docs/fixtures/humanmusic-r17/final/black_ice_r17.conformance.txt	duplicate
docs/fixtures/humanmusic-r17/final/black_ice_f1101.continuity_links.txt	34805	1e3e921c4761f6d36cdc870ed83cc1c257ca1b2eda71ac82656df64c0c2fe7b2	inplace	docs/fixtures/humanmusic-r17/final/black_ice_r17.continuity_links.txt	duplicate
docs/fixtures/humanmusic-r17/final/black_ice_f1101.drums.txt	211479	8a014148a6bdbabacd38c65c1298cb228e1d03782a75fa1b3708452bbc2a2e55	inplace	docs/fixtures/humanmusic-r17/final/black_ice_r17.drums.txt	duplicate
docs/fixtures/humanmusic-r17/final/black_ice_f1101.expression.txt	13865	3de813484a51c6b179d7f86948d28b2ea37c23e56eba89d4ecee700283a3ddec	archive	3de813484a51c6b179d7f86948d28b2ea37c23e56eba89d4ecee700283a3ddec	derived-receipt+dup
docs/fixtures/humanmusic-r17/final/black_ice_f1101.expression_decisions.txt	301786	9e52caa63fc52d7b249f10f6a78390c0a6e8e847cdf3ac626adaa08cddd62e74	archive	9e52caa63fc52d7b249f10f6a78390c0a6e8e847cdf3ac626adaa08cddd62e74	derived-receipt+dup
docs/fixtures/humanmusic-r17/final/black_ice_f1101.hearings.txt	31053	38dfcf9bb2fe4c7fd93935d9079f230e8969353b1b1ec9e597387f417b9b2bb6	archive	38dfcf9bb2fe4c7fd93935d9079f230e8969353b1b1ec9e597387f417b9b2bb6	derived-receipt+dup
docs/fixtures/humanmusic-r17/final/black_ice_f1101.identity.txt	1027	1d7cf202f9edaf79f19bc3bf41857d53fe0edc4663818e9099345bbe2385bc26	archive	1d7cf202f9edaf79f19bc3bf41857d53fe0edc4663818e9099345bbe2385bc26	derived-receipt+dup
docs/fixtures/humanmusic-r17/final/black_ice_f1101.mass.txt	20307	2003883f8a62027f6ebf6a6a7bf3580199236595273f9cf2aa06868838243c85	archive	2003883f8a62027f6ebf6a6a7bf3580199236595273f9cf2aa06868838243c85	derived-receipt+dup
docs/fixtures/humanmusic-r17/final/black_ice_f1101.notes.txt	221376	7952c7b226c9abf2052d07eef01d4a705ad70262c915d7b7b3c94dc45beb9269	archive	7952c7b226c9abf2052d07eef01d4a705ad70262c915d7b7b3c94dc45beb9269	derived-receipt+dup
docs/fixtures/humanmusic-r17/final/black_ice_f1101.occupancy.txt	117770	4b92371a5b63c257b0c2e653f73c9d1b28217926346919924647182b3db02d6c	inplace	docs/fixtures/humanmusic-r17/final/black_ice_r17.occupancy.txt	duplicate
docs/fixtures/humanmusic-r17/final/black_ice_f1101.phrase.txt	265426	033723be16a7e4119374c3187bc7f9bf36b003ba5272141eaf1f2d3c15847007	archive	033723be16a7e4119374c3187bc7f9bf36b003ba5272141eaf1f2d3c15847007	derived-receipt+dup
docs/fixtures/humanmusic-r17/final/black_ice_f1101.phrase_plans.txt	160116	9171a18355dc156a1821807e1b12092a50ab0b23576d72368e823a51eb98e186	archive	9171a18355dc156a1821807e1b12092a50ab0b23576d72368e823a51eb98e186	derived-receipt+dup
docs/fixtures/humanmusic-r17/final/black_ice_f1101.pocket.txt	259762	d683c3a84b91307cf40eff47f400a1b3b5746575a0a092d580521fd45007c7e7	archive	d683c3a84b91307cf40eff47f400a1b3b5746575a0a092d580521fd45007c7e7	derived-receipt+dup
docs/fixtures/humanmusic-r17/final/black_ice_f1101.tension.txt	4353	16bcbb76fca263f60ee6b8e634eb115566bff1d584532aa99c0ae1e21c2d9a11	archive	16bcbb76fca263f60ee6b8e634eb115566bff1d584532aa99c0ae1e21c2d9a11	derived-receipt+dup
docs/fixtures/humanmusic-r17/final/black_ice_f1101.voicing.txt	446542	fae43b417eeaf328e2c05e436a8e82beeb3e6cba0a1747357e1d374a5a9a523a	archive	fae43b417eeaf328e2c05e436a8e82beeb3e6cba0a1747357e1d374a5a9a523a	derived-receipt+dup
docs/fixtures/humanmusic-r17/final/black_ice_f1110.actions.txt	11395	e437da874bdc391f41a011ae3a8d41d085f4565db2649e61fab25a3c498954d8	inplace	docs/fixtures/humanmusic-r17/final/black_ice_r17.actions.txt	duplicate
docs/fixtures/humanmusic-r17/final/black_ice_f1110.conformance.txt	138	a92685e0e1784822262be537a2cbb37516ac4bd66d6a4fb2f1bb22aecfb4af1e	inplace	docs/fixtures/humanmusic-r17/final/black_ice_r17.conformance.txt	duplicate
docs/fixtures/humanmusic-r17/final/black_ice_f1110.continuity_links.txt	34805	5905155e012735a10afe45e54ea255d4019326cf816b2355ef02d4a750e42b46	archive	5905155e012735a10afe45e54ea255d4019326cf816b2355ef02d4a750e42b46	derived-receipt+dup
docs/fixtures/humanmusic-r17/final/black_ice_f1110.drums.txt	211479	8a014148a6bdbabacd38c65c1298cb228e1d03782a75fa1b3708452bbc2a2e55	inplace	docs/fixtures/humanmusic-r17/final/black_ice_r17.drums.txt	duplicate
docs/fixtures/humanmusic-r17/final/black_ice_f1110.expression.txt	14223	ca123560d361889901237df91837f2c395c3baa137e640ac65ea519fa2e2632d	archive	ca123560d361889901237df91837f2c395c3baa137e640ac65ea519fa2e2632d	derived-receipt+dup
docs/fixtures/humanmusic-r17/final/black_ice_f1110.expression_decisions.txt	301997	c1308cf11ba0be356d3b171125b11594d2a479a23ea5f384976d2faca05b9cd3	archive	c1308cf11ba0be356d3b171125b11594d2a479a23ea5f384976d2faca05b9cd3	derived-receipt+dup
docs/fixtures/humanmusic-r17/final/black_ice_f1110.hearings.txt	31403	ddd7b542dc6c1a6f6dbaf24e6b0ed9fb917a58fe26df67082fcc7a4503647949	archive	ddd7b542dc6c1a6f6dbaf24e6b0ed9fb917a58fe26df67082fcc7a4503647949	derived-receipt+dup
docs/fixtures/humanmusic-r17/final/black_ice_f1110.identity.txt	765	c2c1a0ef57013348732eed7b5dfa4b02c987942b674ab660ee68f60429556e2e	archive	c2c1a0ef57013348732eed7b5dfa4b02c987942b674ab660ee68f60429556e2e	derived-receipt+dup
docs/fixtures/humanmusic-r17/final/black_ice_f1110.mass.txt	20307	d1701ce809b4b96bf5a0c4df5c43f92978c3494d5806f8eae787fa5d13d27164	archive	d1701ce809b4b96bf5a0c4df5c43f92978c3494d5806f8eae787fa5d13d27164	derived-receipt+dup
docs/fixtures/humanmusic-r17/final/black_ice_f1110.notes.txt	221496	d705a254ccd5803b37d428cee7eaee40d6e7bd7d26252d713e88584ae734a2dc	archive	d705a254ccd5803b37d428cee7eaee40d6e7bd7d26252d713e88584ae734a2dc	derived-receipt+dup
docs/fixtures/humanmusic-r17/final/black_ice_f1110.occupancy.txt	117770	4b92371a5b63c257b0c2e653f73c9d1b28217926346919924647182b3db02d6c	inplace	docs/fixtures/humanmusic-r17/final/black_ice_r17.occupancy.txt	duplicate
docs/fixtures/humanmusic-r17/final/black_ice_f1110.phrase.txt	265125	39b4bb82a59c3dd5ec3ee73106279999028c1587c1e662aa23c7e85fed9c6bb3	archive	39b4bb82a59c3dd5ec3ee73106279999028c1587c1e662aa23c7e85fed9c6bb3	derived-receipt+dup
docs/fixtures/humanmusic-r17/final/black_ice_f1110.phrase_plans.txt	155976	40b59cd408f63b632741a68df5ab34559aa03eb8adcef9e10c6c6a25a255b18d	archive	40b59cd408f63b632741a68df5ab34559aa03eb8adcef9e10c6c6a25a255b18d	derived-receipt+dup
docs/fixtures/humanmusic-r17/final/black_ice_f1110.pocket.txt	259718	d73e5a1f5fe9ee7051165f4be279fd532e4d53982e7322ba9878d32654fa2dc5	archive	d73e5a1f5fe9ee7051165f4be279fd532e4d53982e7322ba9878d32654fa2dc5	derived-receipt+dup
docs/fixtures/humanmusic-r17/final/black_ice_f1110.tension.txt	4353	9c05b9704e178bc8fcab0fce461e0f2f4207f08d9f41f4fdbfc9b2ff16c2c9b9	archive	9c05b9704e178bc8fcab0fce461e0f2f4207f08d9f41f4fdbfc9b2ff16c2c9b9	derived-receipt+dup
docs/fixtures/humanmusic-r17/final/black_ice_f1110.voicing.txt	472918	e764e80a3dab3a20a48da8cba8471320c281a340e698b3cb556fe7c168f0ae56	archive	e764e80a3dab3a20a48da8cba8471320c281a340e698b3cb556fe7c168f0ae56	derived-receipt+dup
docs/fixtures/humanmusic-r17/final/black_ice_f1111.actions.txt	11395	e437da874bdc391f41a011ae3a8d41d085f4565db2649e61fab25a3c498954d8	inplace	docs/fixtures/humanmusic-r17/final/black_ice_r17.actions.txt	duplicate
docs/fixtures/humanmusic-r17/final/black_ice_f1111.conformance.txt	138	a92685e0e1784822262be537a2cbb37516ac4bd66d6a4fb2f1bb22aecfb4af1e	inplace	docs/fixtures/humanmusic-r17/final/black_ice_r17.conformance.txt	duplicate
docs/fixtures/humanmusic-r17/final/black_ice_f1111.continuity_links.txt	34805	1e3e921c4761f6d36cdc870ed83cc1c257ca1b2eda71ac82656df64c0c2fe7b2	inplace	docs/fixtures/humanmusic-r17/final/black_ice_r17.continuity_links.txt	duplicate
docs/fixtures/humanmusic-r17/final/black_ice_f1111.drums.txt	211479	8a014148a6bdbabacd38c65c1298cb228e1d03782a75fa1b3708452bbc2a2e55	inplace	docs/fixtures/humanmusic-r17/final/black_ice_r17.drums.txt	duplicate
docs/fixtures/humanmusic-r17/final/black_ice_f1111.expression.txt	14223	7654bfd7ca015c9dadc85dd07b6568bc523606246c68e2da092f7d3a67a4bfe7	archive	7654bfd7ca015c9dadc85dd07b6568bc523606246c68e2da092f7d3a67a4bfe7	derived-receipt+dup
docs/fixtures/humanmusic-r17/final/black_ice_f1111.expression_decisions.txt	301959	0b45a0b40a1cb2f324e9863f5e7c5075b2aa9a50939ed0f834e8434a43dc7b51	inplace	docs/fixtures/humanmusic-r17/final/black_ice_r17.expression_decisions.txt	duplicate
docs/fixtures/humanmusic-r17/final/black_ice_f1111.hearings.txt	31359	e169847a7af84f5c2f59d799ffebcd72a7b3c37877b5f977adaaad55ab22ae23	inplace	docs/fixtures/humanmusic-r17/final/black_ice_r17.hearings.txt	duplicate
docs/fixtures/humanmusic-r17/final/black_ice_f1111.identity.txt	852	2c15e67d5adba682cb1500e9596803d80464db9d5e97d1db8c48c6196c7dab05	archive	2c15e67d5adba682cb1500e9596803d80464db9d5e97d1db8c48c6196c7dab05	derived-receipt+dup
docs/fixtures/humanmusic-r17/final/black_ice_f1111.mass.txt	20307	d1701ce809b4b96bf5a0c4df5c43f92978c3494d5806f8eae787fa5d13d27164	archive	d1701ce809b4b96bf5a0c4df5c43f92978c3494d5806f8eae787fa5d13d27164	derived-receipt+dup
docs/fixtures/humanmusic-r17/final/black_ice_f1111.notes.txt	221478	8cb21f787b83eae6e6ced0e00fc21a7b353d4cdedcb8c0e795d744c71b95dee4	inplace	docs/fixtures/humanmusic-r17/final/black_ice_r17.notes.txt	duplicate
docs/fixtures/humanmusic-r17/final/black_ice_f1111.occupancy.txt	117770	4b92371a5b63c257b0c2e653f73c9d1b28217926346919924647182b3db02d6c	inplace	docs/fixtures/humanmusic-r17/final/black_ice_r17.occupancy.txt	duplicate
docs/fixtures/humanmusic-r17/final/black_ice_f1111.phrase.txt	264887	2d980c5967dc66542f871f1afac8a463febeb90e52f8a09c3447fa7ffc3c0834	inplace	docs/fixtures/humanmusic-r17/final/black_ice_r17.phrase.txt	duplicate
docs/fixtures/humanmusic-r17/final/black_ice_f1111.phrase_plans.txt	160212	51ff39520a9d46c2cbf39ebef96fd438381c1f38c5659b9e00910ee955802812	inplace	docs/fixtures/humanmusic-r17/final/black_ice_r17.phrase_plans.txt	duplicate
docs/fixtures/humanmusic-r17/final/black_ice_f1111.pocket.txt	259957	e6d155b3cc5d2b80f2e71b40e3fdf1a820ece9ef0901fe1b5f9dd6804013e63a	inplace	docs/fixtures/humanmusic-r17/final/black_ice_r17.pocket.txt	duplicate
docs/fixtures/humanmusic-r17/final/black_ice_f1111.tension.txt	4353	9c05b9704e178bc8fcab0fce461e0f2f4207f08d9f41f4fdbfc9b2ff16c2c9b9	archive	9c05b9704e178bc8fcab0fce461e0f2f4207f08d9f41f4fdbfc9b2ff16c2c9b9	derived-receipt+dup
docs/fixtures/humanmusic-r17/final/black_ice_f1111.voicing.txt	472543	00d07df545a5744302e9edf712858ef46634ad90ae9d1cdbf7a090b88062cdb9	archive	00d07df545a5744302e9edf712858ef46634ad90ae9d1cdbf7a090b88062cdb9	derived-receipt+dup
docs/fixtures/humanmusic-r17/final/black_ice_r14.actions.txt	11395	e437da874bdc391f41a011ae3a8d41d085f4565db2649e61fab25a3c498954d8	inplace	docs/fixtures/humanmusic-r17/final/black_ice_r17.actions.txt	duplicate
docs/fixtures/humanmusic-r17/final/black_ice_r14.conformance.txt	138	a92685e0e1784822262be537a2cbb37516ac4bd66d6a4fb2f1bb22aecfb4af1e	inplace	docs/fixtures/humanmusic-r17/final/black_ice_r17.conformance.txt	duplicate
docs/fixtures/humanmusic-r17/final/black_ice_r14.continuity_links.txt	2	4f53cda18c2baa0c0354bb5f9a3ecbe5ed12ab4d8e11ba873c2f11161202b945	inplace	docs/fixtures/humanmusic-r17/final/swiss_r17.continuity_links.txt	duplicate
docs/fixtures/humanmusic-r17/final/black_ice_r14.drums.txt	211479	64a5c4dd715b6bd2c610b7629643bc22025383c6a8bc5f30c7b76c0e73606a9a	archive	64a5c4dd715b6bd2c610b7629643bc22025383c6a8bc5f30c7b76c0e73606a9a	derived-receipt+dup
docs/fixtures/humanmusic-r17/final/black_ice_r14.expression.txt	14527	396d644edee9dc4e3d11c6f2a29e61e24a98f7b88e98371bb33a3a4081ae69bb	archive	396d644edee9dc4e3d11c6f2a29e61e24a98f7b88e98371bb33a3a4081ae69bb	derived-receipt+dup
docs/fixtures/humanmusic-r17/final/black_ice_r14.expression_decisions.txt	2	4f53cda18c2baa0c0354bb5f9a3ecbe5ed12ab4d8e11ba873c2f11161202b945	inplace	docs/fixtures/humanmusic-r17/final/swiss_r17.continuity_links.txt	duplicate
docs/fixtures/humanmusic-r17/final/black_ice_r14.hearings.txt	25240	a6521910a1195f442db5994d24d665fe51133cb022f7fdd75677435111e6fe0c	archive	a6521910a1195f442db5994d24d665fe51133cb022f7fdd75677435111e6fe0c	derived-receipt+dup
docs/fixtures/humanmusic-r17/final/black_ice_r14.identity.txt	765	f4c642be3ec9b71470cf4677046b633868033a7ff97b979541259cef24f07810	archive	f4c642be3ec9b71470cf4677046b633868033a7ff97b979541259cef24f07810	derived-receipt+dup
docs/fixtures/humanmusic-r17/final/black_ice_r14.mass.txt	20425	d04b8d24df219db6ecdb75e413d3dba54df3fdd04890c0ac85a3f6cff7f19f39	archive	d04b8d24df219db6ecdb75e413d3dba54df3fdd04890c0ac85a3f6cff7f19f39	derived-receipt
docs/fixtures/humanmusic-r17/final/black_ice_r14.notes.txt	221380	2e7887f77f315b9bac7508c0bd3820139ca41064e913589e8e6ca95097c436cf	archive	2e7887f77f315b9bac7508c0bd3820139ca41064e913589e8e6ca95097c436cf	derived-receipt+dup
docs/fixtures/humanmusic-r17/final/black_ice_r14.occupancy.txt	2	4f53cda18c2baa0c0354bb5f9a3ecbe5ed12ab4d8e11ba873c2f11161202b945	inplace	docs/fixtures/humanmusic-r17/final/swiss_r17.continuity_links.txt	duplicate
docs/fixtures/humanmusic-r17/final/black_ice_r14.phrase.txt	263110	5bf5b1f479589fcacbddc99e6039a6f7adf4047e0a4f0d4b019b103d5d7586e6	archive	5bf5b1f479589fcacbddc99e6039a6f7adf4047e0a4f0d4b019b103d5d7586e6	derived-receipt+dup
docs/fixtures/humanmusic-r17/final/black_ice_r14.phrase_plans.txt	2	4f53cda18c2baa0c0354bb5f9a3ecbe5ed12ab4d8e11ba873c2f11161202b945	inplace	docs/fixtures/humanmusic-r17/final/swiss_r17.continuity_links.txt	duplicate
docs/fixtures/humanmusic-r17/final/black_ice_r14.pocket.txt	691	6d62efe6539287c7f6b97e4e9ce329fef402f1507df0cb19668fff0b46576b09	inplace	docs/fixtures/humanmusic-r17/final/swiss_r17.pocket.txt	duplicate
docs/fixtures/humanmusic-r17/final/black_ice_r14.voicing.txt	472420	01ada0c10b33167a5f57c5cf99f8759d86d00ee20fb29619baed7c119859fb21	archive	01ada0c10b33167a5f57c5cf99f8759d86d00ee20fb29619baed7c119859fb21	derived-receipt+dup
docs/fixtures/humanmusic-r17/final/black_ice_r16.actions.txt	11395	e437da874bdc391f41a011ae3a8d41d085f4565db2649e61fab25a3c498954d8	inplace	docs/fixtures/humanmusic-r17/final/black_ice_r17.actions.txt	duplicate
docs/fixtures/humanmusic-r17/final/black_ice_r16.conformance.txt	138	a92685e0e1784822262be537a2cbb37516ac4bd66d6a4fb2f1bb22aecfb4af1e	inplace	docs/fixtures/humanmusic-r17/final/black_ice_r17.conformance.txt	duplicate
docs/fixtures/humanmusic-r17/final/black_ice_r16.continuity_links.txt	2	4f53cda18c2baa0c0354bb5f9a3ecbe5ed12ab4d8e11ba873c2f11161202b945	inplace	docs/fixtures/humanmusic-r17/final/swiss_r17.continuity_links.txt	duplicate
docs/fixtures/humanmusic-r17/final/black_ice_r16.drums.txt	211479	ed229e082a3f226bf0562d46801e2d8f620d94846a05366ab436154301a8ffe6	archive	ed229e082a3f226bf0562d46801e2d8f620d94846a05366ab436154301a8ffe6	derived-receipt+dup
docs/fixtures/humanmusic-r17/final/black_ice_r16.expression.txt	12718	1ad0213ef247dce4d18abd2fd1a7703339fe346762256413246d4cfab8bef5e7	archive	1ad0213ef247dce4d18abd2fd1a7703339fe346762256413246d4cfab8bef5e7	derived-receipt+dup
docs/fixtures/humanmusic-r17/final/black_ice_r16.expression_decisions.txt	336102	4653ce585eabd616b0c8fd5bbae90e31091c709623e1b999a15471f1ab54933e	archive	4653ce585eabd616b0c8fd5bbae90e31091c709623e1b999a15471f1ab54933e	derived-receipt+dup
docs/fixtures/humanmusic-r17/final/black_ice_r16.hearings.txt	31073	659f9bda712aaafbc2e1e60cd3b129ae46ac3a9a06156cc189c9d824c57f4962	archive	659f9bda712aaafbc2e1e60cd3b129ae46ac3a9a06156cc189c9d824c57f4962	derived-receipt+dup
docs/fixtures/humanmusic-r17/final/black_ice_r16.identity.txt	765	f4a154f14e2f878034f97a8790b4787b846e4026d2a67381f4bf598d8baf22e7	archive	f4a154f14e2f878034f97a8790b4787b846e4026d2a67381f4bf598d8baf22e7	derived-receipt+dup
docs/fixtures/humanmusic-r17/final/black_ice_r16.mass.txt	20307	0f69ce8b2346df83ef6e34daabe8d001c54e608f3c1fbe07e81a5ca7a90430bb	archive	0f69ce8b2346df83ef6e34daabe8d001c54e608f3c1fbe07e81a5ca7a90430bb	derived-receipt+dup
docs/fixtures/humanmusic-r17/final/black_ice_r16.notes.txt	220018	74fc23b6aab2356e40f022b4b0526c0cb048cd729785a78f912b80dfdbc5defa	archive	74fc23b6aab2356e40f022b4b0526c0cb048cd729785a78f912b80dfdbc5defa	derived-receipt+dup
docs/fixtures/humanmusic-r17/final/black_ice_r16.occupancy.txt	117760	f3539c79fc9e2816bc58eb6ee4d4d261c2f4f4cc9dee3572fb693464f1094e36	archive	f3539c79fc9e2816bc58eb6ee4d4d261c2f4f4cc9dee3572fb693464f1094e36	derived-receipt+dup
docs/fixtures/humanmusic-r17/final/black_ice_r16.phrase.txt	263216	ee51d112bd7167f4c092c22559933a1484908b69f4e719b1c632c42c692bf320	archive	ee51d112bd7167f4c092c22559933a1484908b69f4e719b1c632c42c692bf320	derived-receipt+dup
docs/fixtures/humanmusic-r17/final/black_ice_r16.phrase_plans.txt	165823	ec1a4ad3e5f884955d2125243e0cf9aba90f005c65051a4a7a519fe65893ab5b	archive	ec1a4ad3e5f884955d2125243e0cf9aba90f005c65051a4a7a519fe65893ab5b	derived-receipt+dup
docs/fixtures/humanmusic-r17/final/black_ice_r16.pocket.txt	264353	9798e6962d6ab5988a45df4ea7eb3e1423fe237cccc720ed28385cf7c2afda84	archive	9798e6962d6ab5988a45df4ea7eb3e1423fe237cccc720ed28385cf7c2afda84	derived-receipt+dup
docs/fixtures/humanmusic-r17/final/black_ice_r16.tension.txt	1364	89bb25b132b9fe2f9627e0b62e1d7d09f877dd51fd9b6a72e2e71df91156c5be	archive	89bb25b132b9fe2f9627e0b62e1d7d09f877dd51fd9b6a72e2e71df91156c5be	derived-receipt+dup
docs/fixtures/humanmusic-r17/final/black_ice_r16.voicing.txt	444351	b39167c3bd5cd8a94c70e3483c04418cfeeb1345658d5668bbfad8ba7be1a806	archive	b39167c3bd5cd8a94c70e3483c04418cfeeb1345658d5668bbfad8ba7be1a806	derived-receipt+dup
docs/fixtures/humanmusic-r17/final/black_ice_r17.expression.txt	14223	7654bfd7ca015c9dadc85dd07b6568bc523606246c68e2da092f7d3a67a4bfe7	archive	7654bfd7ca015c9dadc85dd07b6568bc523606246c68e2da092f7d3a67a4bfe7	derived-receipt+dup
docs/fixtures/humanmusic-r17/final/black_ice_r17.identity.txt	852	2c15e67d5adba682cb1500e9596803d80464db9d5e97d1db8c48c6196c7dab05	archive	2c15e67d5adba682cb1500e9596803d80464db9d5e97d1db8c48c6196c7dab05	derived-receipt+dup
docs/fixtures/humanmusic-r17/final/black_ice_r17.mass.txt	20307	d1701ce809b4b96bf5a0c4df5c43f92978c3494d5806f8eae787fa5d13d27164	archive	d1701ce809b4b96bf5a0c4df5c43f92978c3494d5806f8eae787fa5d13d27164	derived-receipt+dup
docs/fixtures/humanmusic-r17/final/black_ice_r17.tension.txt	4353	9c05b9704e178bc8fcab0fce461e0f2f4207f08d9f41f4fdbfc9b2ff16c2c9b9	archive	9c05b9704e178bc8fcab0fce461e0f2f4207f08d9f41f4fdbfc9b2ff16c2c9b9	derived-receipt+dup
docs/fixtures/humanmusic-r17/final/black_ice_r17.voicing.txt	472543	00d07df545a5744302e9edf712858ef46634ad90ae9d1cdbf7a090b88062cdb9	archive	00d07df545a5744302e9edf712858ef46634ad90ae9d1cdbf7a090b88062cdb9	derived-receipt+dup
docs/fixtures/humanmusic-r17/final/black_ice_stable_precursors.actions.txt	11395	e437da874bdc391f41a011ae3a8d41d085f4565db2649e61fab25a3c498954d8	inplace	docs/fixtures/humanmusic-r17/final/black_ice_r17.actions.txt	duplicate
docs/fixtures/humanmusic-r17/final/black_ice_stable_precursors.conformance.txt	138	a92685e0e1784822262be537a2cbb37516ac4bd66d6a4fb2f1bb22aecfb4af1e	inplace	docs/fixtures/humanmusic-r17/final/black_ice_r17.conformance.txt	duplicate
docs/fixtures/humanmusic-r17/final/black_ice_stable_precursors.continuity_links.txt	34805	1e3e921c4761f6d36cdc870ed83cc1c257ca1b2eda71ac82656df64c0c2fe7b2	inplace	docs/fixtures/humanmusic-r17/final/black_ice_r17.continuity_links.txt	duplicate
docs/fixtures/humanmusic-r17/final/black_ice_stable_precursors.drums.txt	211479	8a014148a6bdbabacd38c65c1298cb228e1d03782a75fa1b3708452bbc2a2e55	inplace	docs/fixtures/humanmusic-r17/final/black_ice_r17.drums.txt	duplicate
docs/fixtures/humanmusic-r17/final/black_ice_stable_precursors.expression.txt	14223	7654bfd7ca015c9dadc85dd07b6568bc523606246c68e2da092f7d3a67a4bfe7	archive	7654bfd7ca015c9dadc85dd07b6568bc523606246c68e2da092f7d3a67a4bfe7	derived-receipt+dup
docs/fixtures/humanmusic-r17/final/black_ice_stable_precursors.expression_decisions.txt	301959	0b45a0b40a1cb2f324e9863f5e7c5075b2aa9a50939ed0f834e8434a43dc7b51	inplace	docs/fixtures/humanmusic-r17/final/black_ice_r17.expression_decisions.txt	duplicate
docs/fixtures/humanmusic-r17/final/black_ice_stable_precursors.hearings.txt	31359	e169847a7af84f5c2f59d799ffebcd72a7b3c37877b5f977adaaad55ab22ae23	inplace	docs/fixtures/humanmusic-r17/final/black_ice_r17.hearings.txt	duplicate
docs/fixtures/humanmusic-r17/final/black_ice_stable_precursors.identity.txt	852	2c15e67d5adba682cb1500e9596803d80464db9d5e97d1db8c48c6196c7dab05	archive	2c15e67d5adba682cb1500e9596803d80464db9d5e97d1db8c48c6196c7dab05	derived-receipt+dup
docs/fixtures/humanmusic-r17/final/black_ice_stable_precursors.mass.txt	20307	d1701ce809b4b96bf5a0c4df5c43f92978c3494d5806f8eae787fa5d13d27164	archive	d1701ce809b4b96bf5a0c4df5c43f92978c3494d5806f8eae787fa5d13d27164	derived-receipt+dup
docs/fixtures/humanmusic-r17/final/black_ice_stable_precursors.notes.txt	221478	8cb21f787b83eae6e6ced0e00fc21a7b353d4cdedcb8c0e795d744c71b95dee4	inplace	docs/fixtures/humanmusic-r17/final/black_ice_r17.notes.txt	duplicate
docs/fixtures/humanmusic-r17/final/black_ice_stable_precursors.occupancy.txt	117770	4b92371a5b63c257b0c2e653f73c9d1b28217926346919924647182b3db02d6c	inplace	docs/fixtures/humanmusic-r17/final/black_ice_r17.occupancy.txt	duplicate
docs/fixtures/humanmusic-r17/final/black_ice_stable_precursors.phrase.txt	264887	2d980c5967dc66542f871f1afac8a463febeb90e52f8a09c3447fa7ffc3c0834	inplace	docs/fixtures/humanmusic-r17/final/black_ice_r17.phrase.txt	duplicate
docs/fixtures/humanmusic-r17/final/black_ice_stable_precursors.phrase_plans.txt	160212	51ff39520a9d46c2cbf39ebef96fd438381c1f38c5659b9e00910ee955802812	inplace	docs/fixtures/humanmusic-r17/final/black_ice_r17.phrase_plans.txt	duplicate
docs/fixtures/humanmusic-r17/final/black_ice_stable_precursors.pocket.txt	259957	e6d155b3cc5d2b80f2e71b40e3fdf1a820ece9ef0901fe1b5f9dd6804013e63a	inplace	docs/fixtures/humanmusic-r17/final/black_ice_r17.pocket.txt	duplicate
docs/fixtures/humanmusic-r17/final/black_ice_stable_precursors.tension.txt	4353	9c05b9704e178bc8fcab0fce461e0f2f4207f08d9f41f4fdbfc9b2ff16c2c9b9	archive	9c05b9704e178bc8fcab0fce461e0f2f4207f08d9f41f4fdbfc9b2ff16c2c9b9	derived-receipt+dup
docs/fixtures/humanmusic-r17/final/black_ice_stable_precursors.voicing.txt	472543	00d07df545a5744302e9edf712858ef46634ad90ae9d1cdbf7a090b88062cdb9	archive	00d07df545a5744302e9edf712858ef46634ad90ae9d1cdbf7a090b88062cdb9	derived-receipt+dup
docs/fixtures/humanmusic-r17/final/connective-comparison.json	352625	e81c75310f1d798c7bc38c52624f00872322c0c9b2d7d287c7ce9c0d7f7939b8	archive	e81c75310f1d798c7bc38c52624f00872322c0c9b2d7d287c7ce9c0d7f7939b8	derived-receipt
docs/fixtures/humanmusic-r17/final/factorial-interactions.json	65725	01741af3e04a38f3c3bc1570737a61fed355c351339076877fcfae23905155fa	archive	01741af3e04a38f3c3bc1570737a61fed355c351339076877fcfae23905155fa	derived-receipt
docs/fixtures/humanmusic-r17/final/perturbation-summary.json	61007	e25368c916fe96e50682aa58aeaa44ac32e1d83acc6c7f50db23ba84b8d9e4f3	archive	e25368c916fe96e50682aa58aeaa44ac32e1d83acc6c7f50db23ba84b8d9e4f3	derived-receipt
docs/fixtures/humanmusic-r17/final/swiss.r14-f0000.perturbation.txt	6273	9a71a263fa76a6477dfa97d9056b7b58e654c41b7a616c133bb62e91f8de1e62	archive	9a71a263fa76a6477dfa97d9056b7b58e654c41b7a616c133bb62e91f8de1e62	derived-receipt+dup
docs/fixtures/humanmusic-r17/final/swiss.r14-f0001.perturbation.txt	6273	9a71a263fa76a6477dfa97d9056b7b58e654c41b7a616c133bb62e91f8de1e62	archive	9a71a263fa76a6477dfa97d9056b7b58e654c41b7a616c133bb62e91f8de1e62	derived-receipt+dup
docs/fixtures/humanmusic-r17/final/swiss.r14-f0010.perturbation.txt	6273	9a71a263fa76a6477dfa97d9056b7b58e654c41b7a616c133bb62e91f8de1e62	archive	9a71a263fa76a6477dfa97d9056b7b58e654c41b7a616c133bb62e91f8de1e62	derived-receipt+dup
docs/fixtures/humanmusic-r17/final/swiss.r14-f0011.perturbation.txt	6273	9a71a263fa76a6477dfa97d9056b7b58e654c41b7a616c133bb62e91f8de1e62	archive	9a71a263fa76a6477dfa97d9056b7b58e654c41b7a616c133bb62e91f8de1e62	derived-receipt+dup
docs/fixtures/humanmusic-r17/final/swiss.r14-f0100.perturbation.txt	6273	9a71a263fa76a6477dfa97d9056b7b58e654c41b7a616c133bb62e91f8de1e62	archive	9a71a263fa76a6477dfa97d9056b7b58e654c41b7a616c133bb62e91f8de1e62	derived-receipt+dup
docs/fixtures/humanmusic-r17/final/swiss.r14-f0101.perturbation.txt	6273	9a71a263fa76a6477dfa97d9056b7b58e654c41b7a616c133bb62e91f8de1e62	archive	9a71a263fa76a6477dfa97d9056b7b58e654c41b7a616c133bb62e91f8de1e62	derived-receipt+dup
docs/fixtures/humanmusic-r17/final/swiss.r14-f0110.perturbation.txt	6273	9a71a263fa76a6477dfa97d9056b7b58e654c41b7a616c133bb62e91f8de1e62	archive	9a71a263fa76a6477dfa97d9056b7b58e654c41b7a616c133bb62e91f8de1e62	derived-receipt+dup
docs/fixtures/humanmusic-r17/final/swiss.r14-f0111.perturbation.txt	6273	9a71a263fa76a6477dfa97d9056b7b58e654c41b7a616c133bb62e91f8de1e62	archive	9a71a263fa76a6477dfa97d9056b7b58e654c41b7a616c133bb62e91f8de1e62	derived-receipt+dup
docs/fixtures/humanmusic-r17/final/swiss.r14-f1000.perturbation.txt	6273	9a71a263fa76a6477dfa97d9056b7b58e654c41b7a616c133bb62e91f8de1e62	archive	9a71a263fa76a6477dfa97d9056b7b58e654c41b7a616c133bb62e91f8de1e62	derived-receipt+dup
docs/fixtures/humanmusic-r17/final/swiss.r14-f1001.perturbation.txt	6273	9a71a263fa76a6477dfa97d9056b7b58e654c41b7a616c133bb62e91f8de1e62	archive	9a71a263fa76a6477dfa97d9056b7b58e654c41b7a616c133bb62e91f8de1e62	derived-receipt+dup
docs/fixtures/humanmusic-r17/final/swiss.r14-f1010.perturbation.txt	6273	9a71a263fa76a6477dfa97d9056b7b58e654c41b7a616c133bb62e91f8de1e62	archive	9a71a263fa76a6477dfa97d9056b7b58e654c41b7a616c133bb62e91f8de1e62	derived-receipt+dup
docs/fixtures/humanmusic-r17/final/swiss.r14-f1011.perturbation.txt	6273	9a71a263fa76a6477dfa97d9056b7b58e654c41b7a616c133bb62e91f8de1e62	archive	9a71a263fa76a6477dfa97d9056b7b58e654c41b7a616c133bb62e91f8de1e62	derived-receipt+dup
docs/fixtures/humanmusic-r17/final/swiss.r14-f1100.perturbation.txt	6273	9a71a263fa76a6477dfa97d9056b7b58e654c41b7a616c133bb62e91f8de1e62	archive	9a71a263fa76a6477dfa97d9056b7b58e654c41b7a616c133bb62e91f8de1e62	derived-receipt+dup
docs/fixtures/humanmusic-r17/final/swiss.r14-f1101.perturbation.txt	6273	9a71a263fa76a6477dfa97d9056b7b58e654c41b7a616c133bb62e91f8de1e62	archive	9a71a263fa76a6477dfa97d9056b7b58e654c41b7a616c133bb62e91f8de1e62	derived-receipt+dup
docs/fixtures/humanmusic-r17/final/swiss.r14-f1110.perturbation.txt	6273	9a71a263fa76a6477dfa97d9056b7b58e654c41b7a616c133bb62e91f8de1e62	archive	9a71a263fa76a6477dfa97d9056b7b58e654c41b7a616c133bb62e91f8de1e62	derived-receipt+dup
docs/fixtures/humanmusic-r17/final/swiss.r14-f1111.perturbation.txt	6273	9a71a263fa76a6477dfa97d9056b7b58e654c41b7a616c133bb62e91f8de1e62	archive	9a71a263fa76a6477dfa97d9056b7b58e654c41b7a616c133bb62e91f8de1e62	derived-receipt+dup
docs/fixtures/humanmusic-r17/final/swiss.r14-r16.perturbation.txt	6273	9a71a263fa76a6477dfa97d9056b7b58e654c41b7a616c133bb62e91f8de1e62	archive	9a71a263fa76a6477dfa97d9056b7b58e654c41b7a616c133bb62e91f8de1e62	derived-receipt+dup
docs/fixtures/humanmusic-r17/final/swiss.r14-r17.perturbation.txt	6273	9a71a263fa76a6477dfa97d9056b7b58e654c41b7a616c133bb62e91f8de1e62	archive	9a71a263fa76a6477dfa97d9056b7b58e654c41b7a616c133bb62e91f8de1e62	derived-receipt+dup
docs/fixtures/humanmusic-r17/final/swiss.r14-stable_precursors.perturbation.txt	6273	9a71a263fa76a6477dfa97d9056b7b58e654c41b7a616c133bb62e91f8de1e62	archive	9a71a263fa76a6477dfa97d9056b7b58e654c41b7a616c133bb62e91f8de1e62	derived-receipt+dup
docs/fixtures/humanmusic-r17/final/swiss.r16-f0000.perturbation.txt	451	5e0c3164957e2c3331fdd78aef7e363fa98be76d7a2f45b2468fbe8b3b7de2c5	archive	5e0c3164957e2c3331fdd78aef7e363fa98be76d7a2f45b2468fbe8b3b7de2c5	derived-receipt+dup
docs/fixtures/humanmusic-r17/final/swiss.r16-f0001.perturbation.txt	451	5e0c3164957e2c3331fdd78aef7e363fa98be76d7a2f45b2468fbe8b3b7de2c5	archive	5e0c3164957e2c3331fdd78aef7e363fa98be76d7a2f45b2468fbe8b3b7de2c5	derived-receipt+dup
docs/fixtures/humanmusic-r17/final/swiss.r16-f0010.perturbation.txt	451	5e0c3164957e2c3331fdd78aef7e363fa98be76d7a2f45b2468fbe8b3b7de2c5	archive	5e0c3164957e2c3331fdd78aef7e363fa98be76d7a2f45b2468fbe8b3b7de2c5	derived-receipt+dup
docs/fixtures/humanmusic-r17/final/swiss.r16-f0011.perturbation.txt	451	5e0c3164957e2c3331fdd78aef7e363fa98be76d7a2f45b2468fbe8b3b7de2c5	archive	5e0c3164957e2c3331fdd78aef7e363fa98be76d7a2f45b2468fbe8b3b7de2c5	derived-receipt+dup
docs/fixtures/humanmusic-r17/final/swiss.r16-f0100.perturbation.txt	451	5e0c3164957e2c3331fdd78aef7e363fa98be76d7a2f45b2468fbe8b3b7de2c5	archive	5e0c3164957e2c3331fdd78aef7e363fa98be76d7a2f45b2468fbe8b3b7de2c5	derived-receipt+dup
docs/fixtures/humanmusic-r17/final/swiss.r16-f0101.perturbation.txt	451	5e0c3164957e2c3331fdd78aef7e363fa98be76d7a2f45b2468fbe8b3b7de2c5	archive	5e0c3164957e2c3331fdd78aef7e363fa98be76d7a2f45b2468fbe8b3b7de2c5	derived-receipt+dup
docs/fixtures/humanmusic-r17/final/swiss.r16-f0110.perturbation.txt	451	5e0c3164957e2c3331fdd78aef7e363fa98be76d7a2f45b2468fbe8b3b7de2c5	archive	5e0c3164957e2c3331fdd78aef7e363fa98be76d7a2f45b2468fbe8b3b7de2c5	derived-receipt+dup
docs/fixtures/humanmusic-r17/final/swiss.r16-f0111.perturbation.txt	451	5e0c3164957e2c3331fdd78aef7e363fa98be76d7a2f45b2468fbe8b3b7de2c5	archive	5e0c3164957e2c3331fdd78aef7e363fa98be76d7a2f45b2468fbe8b3b7de2c5	derived-receipt+dup
docs/fixtures/humanmusic-r17/final/swiss.r16-f1000.perturbation.txt	451	5e0c3164957e2c3331fdd78aef7e363fa98be76d7a2f45b2468fbe8b3b7de2c5	archive	5e0c3164957e2c3331fdd78aef7e363fa98be76d7a2f45b2468fbe8b3b7de2c5	derived-receipt+dup
docs/fixtures/humanmusic-r17/final/swiss.r16-f1001.perturbation.txt	451	5e0c3164957e2c3331fdd78aef7e363fa98be76d7a2f45b2468fbe8b3b7de2c5	archive	5e0c3164957e2c3331fdd78aef7e363fa98be76d7a2f45b2468fbe8b3b7de2c5	derived-receipt+dup
docs/fixtures/humanmusic-r17/final/swiss.r16-f1010.perturbation.txt	451	5e0c3164957e2c3331fdd78aef7e363fa98be76d7a2f45b2468fbe8b3b7de2c5	archive	5e0c3164957e2c3331fdd78aef7e363fa98be76d7a2f45b2468fbe8b3b7de2c5	derived-receipt+dup
docs/fixtures/humanmusic-r17/final/swiss.r16-f1011.perturbation.txt	451	5e0c3164957e2c3331fdd78aef7e363fa98be76d7a2f45b2468fbe8b3b7de2c5	archive	5e0c3164957e2c3331fdd78aef7e363fa98be76d7a2f45b2468fbe8b3b7de2c5	derived-receipt+dup
docs/fixtures/humanmusic-r17/final/swiss.r16-f1100.perturbation.txt	451	5e0c3164957e2c3331fdd78aef7e363fa98be76d7a2f45b2468fbe8b3b7de2c5	archive	5e0c3164957e2c3331fdd78aef7e363fa98be76d7a2f45b2468fbe8b3b7de2c5	derived-receipt+dup
docs/fixtures/humanmusic-r17/final/swiss.r16-f1101.perturbation.txt	451	5e0c3164957e2c3331fdd78aef7e363fa98be76d7a2f45b2468fbe8b3b7de2c5	archive	5e0c3164957e2c3331fdd78aef7e363fa98be76d7a2f45b2468fbe8b3b7de2c5	derived-receipt+dup
docs/fixtures/humanmusic-r17/final/swiss.r16-f1110.perturbation.txt	451	5e0c3164957e2c3331fdd78aef7e363fa98be76d7a2f45b2468fbe8b3b7de2c5	archive	5e0c3164957e2c3331fdd78aef7e363fa98be76d7a2f45b2468fbe8b3b7de2c5	derived-receipt+dup
docs/fixtures/humanmusic-r17/final/swiss.r16-f1111.perturbation.txt	451	5e0c3164957e2c3331fdd78aef7e363fa98be76d7a2f45b2468fbe8b3b7de2c5	archive	5e0c3164957e2c3331fdd78aef7e363fa98be76d7a2f45b2468fbe8b3b7de2c5	derived-receipt+dup
docs/fixtures/humanmusic-r17/final/swiss.r16-r17.perturbation.txt	451	5e0c3164957e2c3331fdd78aef7e363fa98be76d7a2f45b2468fbe8b3b7de2c5	archive	5e0c3164957e2c3331fdd78aef7e363fa98be76d7a2f45b2468fbe8b3b7de2c5	derived-receipt+dup
docs/fixtures/humanmusic-r17/final/swiss.r16-stable_precursors.perturbation.txt	451	5e0c3164957e2c3331fdd78aef7e363fa98be76d7a2f45b2468fbe8b3b7de2c5	archive	5e0c3164957e2c3331fdd78aef7e363fa98be76d7a2f45b2468fbe8b3b7de2c5	derived-receipt+dup
docs/fixtures/humanmusic-r17/final/swiss_f0000.actions.txt	11395	e437da874bdc391f41a011ae3a8d41d085f4565db2649e61fab25a3c498954d8	inplace	docs/fixtures/humanmusic-r17/final/black_ice_r17.actions.txt	duplicate
docs/fixtures/humanmusic-r17/final/swiss_f0000.conformance.txt	138	a92685e0e1784822262be537a2cbb37516ac4bd66d6a4fb2f1bb22aecfb4af1e	inplace	docs/fixtures/humanmusic-r17/final/black_ice_r17.conformance.txt	duplicate
docs/fixtures/humanmusic-r17/final/swiss_f0000.continuity_links.txt	2	4f53cda18c2baa0c0354bb5f9a3ecbe5ed12ab4d8e11ba873c2f11161202b945	inplace	docs/fixtures/humanmusic-r17/final/swiss_r17.continuity_links.txt	duplicate
docs/fixtures/humanmusic-r17/final/swiss_f0000.drums.txt	177457	6f35e824cdec46c48d3346b9d02042b0665257009a19e361cbd000fdcf4b25c4	inplace	docs/fixtures/humanmusic-r17/final/swiss_r17.drums.txt	duplicate
docs/fixtures/humanmusic-r17/final/swiss_f0000.expression.txt	14857	2970c5420b85397031351a96f8e19bf3af4a7261d8bb61c4a94795cd3cfac8dc	archive	2970c5420b85397031351a96f8e19bf3af4a7261d8bb61c4a94795cd3cfac8dc	derived-receipt+dup
docs/fixtures/humanmusic-r17/final/swiss_f0000.expression_decisions.txt	2	4f53cda18c2baa0c0354bb5f9a3ecbe5ed12ab4d8e11ba873c2f11161202b945	inplace	docs/fixtures/humanmusic-r17/final/swiss_r17.continuity_links.txt	duplicate
docs/fixtures/humanmusic-r17/final/swiss_f0000.hearings.txt	30951	63c9f1424545a451e348dfda5e9783a330e69f717bc165c9ab512c0d72132950	inplace	docs/fixtures/humanmusic-r17/final/swiss_r17.hearings.txt	duplicate
docs/fixtures/humanmusic-r17/final/swiss_f0000.identity.txt	417	6b94ffbd154d514e1bfd52c6796d4b0b687f985eb12ebe504f14820ca16cd7af	archive	6b94ffbd154d514e1bfd52c6796d4b0b687f985eb12ebe504f14820ca16cd7af	derived-receipt+dup
docs/fixtures/humanmusic-r17/final/swiss_f0000.mass.txt	17737	51cbbe0a87340fbcaa190f29fa07777fba3d9e3007bdafe7298408b938c95141	archive	51cbbe0a87340fbcaa190f29fa07777fba3d9e3007bdafe7298408b938c95141	derived-receipt+dup
docs/fixtures/humanmusic-r17/final/swiss_f0000.notes.txt	221221	c4bec0899aa8013057ef95fff9a3b50e2fde22ad38177df6b768128c8d0e484d	inplace	docs/fixtures/humanmusic-r17/final/swiss_r17.notes.txt	duplicate
docs/fixtures/humanmusic-r17/final/swiss_f0000.occupancy.txt	117770	4b92371a5b63c257b0c2e653f73c9d1b28217926346919924647182b3db02d6c	inplace	docs/fixtures/humanmusic-r17/final/black_ice_r17.occupancy.txt	duplicate
docs/fixtures/humanmusic-r17/final/swiss_f0000.phrase.txt	262641	a432fb65d3ef125bf271ca5ee95527daec1e92d166d18296212d47e2836bf28c	inplace	docs/fixtures/humanmusic-r17/final/swiss_r17.phrase.txt	duplicate
docs/fixtures/humanmusic-r17/final/swiss_f0000.phrase_plans.txt	163869	1584fb0504098b687db3e0af2d9126e0c0d04bff65d901fa77d08ca8824e88c4	inplace	docs/fixtures/humanmusic-r17/final/swiss_r17.phrase_plans.txt	duplicate
docs/fixtures/humanmusic-r17/final/swiss_f0000.pocket.txt	691	6d62efe6539287c7f6b97e4e9ce329fef402f1507df0cb19668fff0b46576b09	inplace	docs/fixtures/humanmusic-r17/final/swiss_r17.pocket.txt	duplicate
docs/fixtures/humanmusic-r17/final/swiss_f0000.tension.txt	514	925f6fba79962fb957f5a79ba18ea9393dc9b711e31c3476420b9b79e8a41fbe	archive	925f6fba79962fb957f5a79ba18ea9393dc9b711e31c3476420b9b79e8a41fbe	derived-receipt+dup
docs/fixtures/humanmusic-r17/final/swiss_f0000.voicing.txt	477802	b843f6154ba6281d8ab1583dbd713748236c16511410e41678842a038463822e	archive	b843f6154ba6281d8ab1583dbd713748236c16511410e41678842a038463822e	derived-receipt+dup
docs/fixtures/humanmusic-r17/final/swiss_f0000.voicing_decisions.txt	2353	804de13e0b6f826e797f99ed7467e77f2731eadb440c6ff7cb3b477f273f7f67	archive	804de13e0b6f826e797f99ed7467e77f2731eadb440c6ff7cb3b477f273f7f67	derived-receipt+dup
docs/fixtures/humanmusic-r17/final/swiss_f0001.actions.txt	11395	e437da874bdc391f41a011ae3a8d41d085f4565db2649e61fab25a3c498954d8	inplace	docs/fixtures/humanmusic-r17/final/black_ice_r17.actions.txt	duplicate
docs/fixtures/humanmusic-r17/final/swiss_f0001.conformance.txt	138	a92685e0e1784822262be537a2cbb37516ac4bd66d6a4fb2f1bb22aecfb4af1e	inplace	docs/fixtures/humanmusic-r17/final/black_ice_r17.conformance.txt	duplicate
docs/fixtures/humanmusic-r17/final/swiss_f0001.continuity_links.txt	2	4f53cda18c2baa0c0354bb5f9a3ecbe5ed12ab4d8e11ba873c2f11161202b945	inplace	docs/fixtures/humanmusic-r17/final/swiss_r17.continuity_links.txt	duplicate
docs/fixtures/humanmusic-r17/final/swiss_f0001.drums.txt	177457	6f35e824cdec46c48d3346b9d02042b0665257009a19e361cbd000fdcf4b25c4	inplace	docs/fixtures/humanmusic-r17/final/swiss_r17.drums.txt	duplicate
docs/fixtures/humanmusic-r17/final/swiss_f0001.expression.txt	14857	2970c5420b85397031351a96f8e19bf3af4a7261d8bb61c4a94795cd3cfac8dc	archive	2970c5420b85397031351a96f8e19bf3af4a7261d8bb61c4a94795cd3cfac8dc	derived-receipt+dup
docs/fixtures/humanmusic-r17/final/swiss_f0001.expression_decisions.txt	2	4f53cda18c2baa0c0354bb5f9a3ecbe5ed12ab4d8e11ba873c2f11161202b945	inplace	docs/fixtures/humanmusic-r17/final/swiss_r17.continuity_links.txt	duplicate
docs/fixtures/humanmusic-r17/final/swiss_f0001.hearings.txt	30951	63c9f1424545a451e348dfda5e9783a330e69f717bc165c9ab512c0d72132950	inplace	docs/fixtures/humanmusic-r17/final/swiss_r17.hearings.txt	duplicate
docs/fixtures/humanmusic-r17/final/swiss_f0001.identity.txt	417	6b94ffbd154d514e1bfd52c6796d4b0b687f985eb12ebe504f14820ca16cd7af	archive	6b94ffbd154d514e1bfd52c6796d4b0b687f985eb12ebe504f14820ca16cd7af	derived-receipt+dup
docs/fixtures/humanmusic-r17/final/swiss_f0001.mass.txt	17737	51cbbe0a87340fbcaa190f29fa07777fba3d9e3007bdafe7298408b938c95141	archive	51cbbe0a87340fbcaa190f29fa07777fba3d9e3007bdafe7298408b938c95141	derived-receipt+dup
docs/fixtures/humanmusic-r17/final/swiss_f0001.notes.txt	221221	c4bec0899aa8013057ef95fff9a3b50e2fde22ad38177df6b768128c8d0e484d	inplace	docs/fixtures/humanmusic-r17/final/swiss_r17.notes.txt	duplicate
docs/fixtures/humanmusic-r17/final/swiss_f0001.occupancy.txt	117770	4b92371a5b63c257b0c2e653f73c9d1b28217926346919924647182b3db02d6c	inplace	docs/fixtures/humanmusic-r17/final/black_ice_r17.occupancy.txt	duplicate
docs/fixtures/humanmusic-r17/final/swiss_f0001.phrase.txt	262641	a432fb65d3ef125bf271ca5ee95527daec1e92d166d18296212d47e2836bf28c	inplace	docs/fixtures/humanmusic-r17/final/swiss_r17.phrase.txt	duplicate
docs/fixtures/humanmusic-r17/final/swiss_f0001.phrase_plans.txt	163869	1584fb0504098b687db3e0af2d9126e0c0d04bff65d901fa77d08ca8824e88c4	inplace	docs/fixtures/humanmusic-r17/final/swiss_r17.phrase_plans.txt	duplicate
docs/fixtures/humanmusic-r17/final/swiss_f0001.pocket.txt	691	6d62efe6539287c7f6b97e4e9ce329fef402f1507df0cb19668fff0b46576b09	inplace	docs/fixtures/humanmusic-r17/final/swiss_r17.pocket.txt	duplicate
docs/fixtures/humanmusic-r17/final/swiss_f0001.tension.txt	514	925f6fba79962fb957f5a79ba18ea9393dc9b711e31c3476420b9b79e8a41fbe	archive	925f6fba79962fb957f5a79ba18ea9393dc9b711e31c3476420b9b79e8a41fbe	derived-receipt+dup
docs/fixtures/humanmusic-r17/final/swiss_f0001.voicing.txt	477802	b843f6154ba6281d8ab1583dbd713748236c16511410e41678842a038463822e	archive	b843f6154ba6281d8ab1583dbd713748236c16511410e41678842a038463822e	derived-receipt+dup
docs/fixtures/humanmusic-r17/final/swiss_f0001.voicing_decisions.txt	2353	804de13e0b6f826e797f99ed7467e77f2731eadb440c6ff7cb3b477f273f7f67	archive	804de13e0b6f826e797f99ed7467e77f2731eadb440c6ff7cb3b477f273f7f67	derived-receipt+dup
docs/fixtures/humanmusic-r17/final/swiss_f0010.actions.txt	11395	e437da874bdc391f41a011ae3a8d41d085f4565db2649e61fab25a3c498954d8	inplace	docs/fixtures/humanmusic-r17/final/black_ice_r17.actions.txt	duplicate
docs/fixtures/humanmusic-r17/final/swiss_f0010.conformance.txt	138	a92685e0e1784822262be537a2cbb37516ac4bd66d6a4fb2f1bb22aecfb4af1e	inplace	docs/fixtures/humanmusic-r17/final/black_ice_r17.conformance.txt	duplicate
docs/fixtures/humanmusic-r17/final/swiss_f0010.continuity_links.txt	2	4f53cda18c2baa0c0354bb5f9a3ecbe5ed12ab4d8e11ba873c2f11161202b945	inplace	docs/fixtures/humanmusic-r17/final/swiss_r17.continuity_links.txt	duplicate
docs/fixtures/humanmusic-r17/final/swiss_f0010.drums.txt	177457	6f35e824cdec46c48d3346b9d02042b0665257009a19e361cbd000fdcf4b25c4	inplace	docs/fixtures/humanmusic-r17/final/swiss_r17.drums.txt	duplicate
docs/fixtures/humanmusic-r17/final/swiss_f0010.expression.txt	14857	2970c5420b85397031351a96f8e19bf3af4a7261d8bb61c4a94795cd3cfac8dc	archive	2970c5420b85397031351a96f8e19bf3af4a7261d8bb61c4a94795cd3cfac8dc	derived-receipt+dup
docs/fixtures/humanmusic-r17/final/swiss_f0010.expression_decisions.txt	2	4f53cda18c2baa0c0354bb5f9a3ecbe5ed12ab4d8e11ba873c2f11161202b945	inplace	docs/fixtures/humanmusic-r17/final/swiss_r17.continuity_links.txt	duplicate
docs/fixtures/humanmusic-r17/final/swiss_f0010.hearings.txt	30951	63c9f1424545a451e348dfda5e9783a330e69f717bc165c9ab512c0d72132950	inplace	docs/fixtures/humanmusic-r17/final/swiss_r17.hearings.txt	duplicate
docs/fixtures/humanmusic-r17/final/swiss_f0010.identity.txt	417	6b94ffbd154d514e1bfd52c6796d4b0b687f985eb12ebe504f14820ca16cd7af	archive	6b94ffbd154d514e1bfd52c6796d4b0b687f985eb12ebe504f14820ca16cd7af	derived-receipt+dup
docs/fixtures/humanmusic-r17/final/swiss_f0010.mass.txt	17737	51cbbe0a87340fbcaa190f29fa07777fba3d9e3007bdafe7298408b938c95141	archive	51cbbe0a87340fbcaa190f29fa07777fba3d9e3007bdafe7298408b938c95141	derived-receipt+dup
docs/fixtures/humanmusic-r17/final/swiss_f0010.notes.txt	221221	c4bec0899aa8013057ef95fff9a3b50e2fde22ad38177df6b768128c8d0e484d	inplace	docs/fixtures/humanmusic-r17/final/swiss_r17.notes.txt	duplicate
docs/fixtures/humanmusic-r17/final/swiss_f0010.occupancy.txt	117770	4b92371a5b63c257b0c2e653f73c9d1b28217926346919924647182b3db02d6c	inplace	docs/fixtures/humanmusic-r17/final/black_ice_r17.occupancy.txt	duplicate
docs/fixtures/humanmusic-r17/final/swiss_f0010.phrase.txt	262641	a432fb65d3ef125bf271ca5ee95527daec1e92d166d18296212d47e2836bf28c	inplace	docs/fixtures/humanmusic-r17/final/swiss_r17.phrase.txt	duplicate
docs/fixtures/humanmusic-r17/final/swiss_f0010.phrase_plans.txt	163869	1584fb0504098b687db3e0af2d9126e0c0d04bff65d901fa77d08ca8824e88c4	inplace	docs/fixtures/humanmusic-r17/final/swiss_r17.phrase_plans.txt	duplicate
docs/fixtures/humanmusic-r17/final/swiss_f0010.pocket.txt	691	6d62efe6539287c7f6b97e4e9ce329fef402f1507df0cb19668fff0b46576b09	inplace	docs/fixtures/humanmusic-r17/final/swiss_r17.pocket.txt	duplicate
docs/fixtures/humanmusic-r17/final/swiss_f0010.tension.txt	514	925f6fba79962fb957f5a79ba18ea9393dc9b711e31c3476420b9b79e8a41fbe	archive	925f6fba79962fb957f5a79ba18ea9393dc9b711e31c3476420b9b79e8a41fbe	derived-receipt+dup
docs/fixtures/humanmusic-r17/final/swiss_f0010.voicing.txt	477802	b843f6154ba6281d8ab1583dbd713748236c16511410e41678842a038463822e	archive	b843f6154ba6281d8ab1583dbd713748236c16511410e41678842a038463822e	derived-receipt+dup
docs/fixtures/humanmusic-r17/final/swiss_f0010.voicing_decisions.txt	2353	804de13e0b6f826e797f99ed7467e77f2731eadb440c6ff7cb3b477f273f7f67	archive	804de13e0b6f826e797f99ed7467e77f2731eadb440c6ff7cb3b477f273f7f67	derived-receipt+dup
docs/fixtures/humanmusic-r17/final/swiss_f0011.actions.txt	11395	e437da874bdc391f41a011ae3a8d41d085f4565db2649e61fab25a3c498954d8	inplace	docs/fixtures/humanmusic-r17/final/black_ice_r17.actions.txt	duplicate
docs/fixtures/humanmusic-r17/final/swiss_f0011.conformance.txt	138	a92685e0e1784822262be537a2cbb37516ac4bd66d6a4fb2f1bb22aecfb4af1e	inplace	docs/fixtures/humanmusic-r17/final/black_ice_r17.conformance.txt	duplicate
docs/fixtures/humanmusic-r17/final/swiss_f0011.continuity_links.txt	2	4f53cda18c2baa0c0354bb5f9a3ecbe5ed12ab4d8e11ba873c2f11161202b945	inplace	docs/fixtures/humanmusic-r17/final/swiss_r17.continuity_links.txt	duplicate
docs/fixtures/humanmusic-r17/final/swiss_f0011.drums.txt	177457	6f35e824cdec46c48d3346b9d02042b0665257009a19e361cbd000fdcf4b25c4	inplace	docs/fixtures/humanmusic-r17/final/swiss_r17.drums.txt	duplicate
docs/fixtures/humanmusic-r17/final/swiss_f0011.expression.txt	14857	2970c5420b85397031351a96f8e19bf3af4a7261d8bb61c4a94795cd3cfac8dc	archive	2970c5420b85397031351a96f8e19bf3af4a7261d8bb61c4a94795cd3cfac8dc	derived-receipt+dup
docs/fixtures/humanmusic-r17/final/swiss_f0011.expression_decisions.txt	2	4f53cda18c2baa0c0354bb5f9a3ecbe5ed12ab4d8e11ba873c2f11161202b945	inplace	docs/fixtures/humanmusic-r17/final/swiss_r17.continuity_links.txt	duplicate
docs/fixtures/humanmusic-r17/final/swiss_f0011.hearings.txt	30951	63c9f1424545a451e348dfda5e9783a330e69f717bc165c9ab512c0d72132950	inplace	docs/fixtures/humanmusic-r17/final/swiss_r17.hearings.txt	duplicate
docs/fixtures/humanmusic-r17/final/swiss_f0011.identity.txt	417	6b94ffbd154d514e1bfd52c6796d4b0b687f985eb12ebe504f14820ca16cd7af	archive	6b94ffbd154d514e1bfd52c6796d4b0b687f985eb12ebe504f14820ca16cd7af	derived-receipt+dup
docs/fixtures/humanmusic-r17/final/swiss_f0011.mass.txt	17737	51cbbe0a87340fbcaa190f29fa07777fba3d9e3007bdafe7298408b938c95141	archive	51cbbe0a87340fbcaa190f29fa07777fba3d9e3007bdafe7298408b938c95141	derived-receipt+dup
docs/fixtures/humanmusic-r17/final/swiss_f0011.notes.txt	221221	c4bec0899aa8013057ef95fff9a3b50e2fde22ad38177df6b768128c8d0e484d	inplace	docs/fixtures/humanmusic-r17/final/swiss_r17.notes.txt	duplicate
docs/fixtures/humanmusic-r17/final/swiss_f0011.occupancy.txt	117770	4b92371a5b63c257b0c2e653f73c9d1b28217926346919924647182b3db02d6c	inplace	docs/fixtures/humanmusic-r17/final/black_ice_r17.occupancy.txt	duplicate
docs/fixtures/humanmusic-r17/final/swiss_f0011.phrase.txt	262641	a432fb65d3ef125bf271ca5ee95527daec1e92d166d18296212d47e2836bf28c	inplace	docs/fixtures/humanmusic-r17/final/swiss_r17.phrase.txt	duplicate
docs/fixtures/humanmusic-r17/final/swiss_f0011.phrase_plans.txt	163869	1584fb0504098b687db3e0af2d9126e0c0d04bff65d901fa77d08ca8824e88c4	inplace	docs/fixtures/humanmusic-r17/final/swiss_r17.phrase_plans.txt	duplicate
docs/fixtures/humanmusic-r17/final/swiss_f0011.pocket.txt	691	6d62efe6539287c7f6b97e4e9ce329fef402f1507df0cb19668fff0b46576b09	inplace	docs/fixtures/humanmusic-r17/final/swiss_r17.pocket.txt	duplicate
docs/fixtures/humanmusic-r17/final/swiss_f0011.tension.txt	514	925f6fba79962fb957f5a79ba18ea9393dc9b711e31c3476420b9b79e8a41fbe	archive	925f6fba79962fb957f5a79ba18ea9393dc9b711e31c3476420b9b79e8a41fbe	derived-receipt+dup
docs/fixtures/humanmusic-r17/final/swiss_f0011.voicing.txt	477802	b843f6154ba6281d8ab1583dbd713748236c16511410e41678842a038463822e	archive	b843f6154ba6281d8ab1583dbd713748236c16511410e41678842a038463822e	derived-receipt+dup
docs/fixtures/humanmusic-r17/final/swiss_f0011.voicing_decisions.txt	2353	804de13e0b6f826e797f99ed7467e77f2731eadb440c6ff7cb3b477f273f7f67	archive	804de13e0b6f826e797f99ed7467e77f2731eadb440c6ff7cb3b477f273f7f67	derived-receipt+dup
docs/fixtures/humanmusic-r17/final/swiss_f0100.actions.txt	11395	e437da874bdc391f41a011ae3a8d41d085f4565db2649e61fab25a3c498954d8	inplace	docs/fixtures/humanmusic-r17/final/black_ice_r17.actions.txt	duplicate
docs/fixtures/humanmusic-r17/final/swiss_f0100.conformance.txt	138	a92685e0e1784822262be537a2cbb37516ac4bd66d6a4fb2f1bb22aecfb4af1e	inplace	docs/fixtures/humanmusic-r17/final/black_ice_r17.conformance.txt	duplicate
docs/fixtures/humanmusic-r17/final/swiss_f0100.continuity_links.txt	37453	2155240b231564e96dbcc5f6ea0b7df2e2c12512ca2513fafe9732785f4434fc	archive	2155240b231564e96dbcc5f6ea0b7df2e2c12512ca2513fafe9732785f4434fc	derived-receipt+dup
docs/fixtures/humanmusic-r17/final/swiss_f0100.drums.txt	177457	6f35e824cdec46c48d3346b9d02042b0665257009a19e361cbd000fdcf4b25c4	inplace	docs/fixtures/humanmusic-r17/final/swiss_r17.drums.txt	duplicate
docs/fixtures/humanmusic-r17/final/swiss_f0100.expression.txt	14857	16d88182303a5ff7cceee0334af2bcc17106a0191ffaba2d9d5543aea258e912	archive	16d88182303a5ff7cceee0334af2bcc17106a0191ffaba2d9d5543aea258e912	derived-receipt+dup
docs/fixtures/humanmusic-r17/final/swiss_f0100.expression_decisions.txt	2	4f53cda18c2baa0c0354bb5f9a3ecbe5ed12ab4d8e11ba873c2f11161202b945	inplace	docs/fixtures/humanmusic-r17/final/swiss_r17.continuity_links.txt	duplicate
docs/fixtures/humanmusic-r17/final/swiss_f0100.hearings.txt	30951	63c9f1424545a451e348dfda5e9783a330e69f717bc165c9ab512c0d72132950	inplace	docs/fixtures/humanmusic-r17/final/swiss_r17.hearings.txt	duplicate
docs/fixtures/humanmusic-r17/final/swiss_f0100.identity.txt	417	ba941da7ca1decca70781620ba9e8af11aef96adf8df722da872a8dbe511f181	archive	ba941da7ca1decca70781620ba9e8af11aef96adf8df722da872a8dbe511f181	derived-receipt+dup
docs/fixtures/humanmusic-r17/final/swiss_f0100.mass.txt	17737	173e9322e34f4ca5a4c96e1c5d8788653b7c95f1148fed079800832985c31218	archive	173e9322e34f4ca5a4c96e1c5d8788653b7c95f1148fed079800832985c31218	derived-receipt+dup
docs/fixtures/humanmusic-r17/final/swiss_f0100.notes.txt	221221	c4bec0899aa8013057ef95fff9a3b50e2fde22ad38177df6b768128c8d0e484d	inplace	docs/fixtures/humanmusic-r17/final/swiss_r17.notes.txt	duplicate
docs/fixtures/humanmusic-r17/final/swiss_f0100.occupancy.txt	117770	4b92371a5b63c257b0c2e653f73c9d1b28217926346919924647182b3db02d6c	inplace	docs/fixtures/humanmusic-r17/final/black_ice_r17.occupancy.txt	duplicate
docs/fixtures/humanmusic-r17/final/swiss_f0100.phrase.txt	262641	5cff2a19ebbe2ff4c55aa17e3b69bad53596ae1e7e4d1455ff7f6b7b18a3c277	archive	5cff2a19ebbe2ff4c55aa17e3b69bad53596ae1e7e4d1455ff7f6b7b18a3c277	derived-receipt+dup
docs/fixtures/humanmusic-r17/final/swiss_f0100.phrase_plans.txt	163869	1584fb0504098b687db3e0af2d9126e0c0d04bff65d901fa77d08ca8824e88c4	inplace	docs/fixtures/humanmusic-r17/final/swiss_r17.phrase_plans.txt	duplicate
docs/fixtures/humanmusic-r17/final/swiss_f0100.pocket.txt	691	6d62efe6539287c7f6b97e4e9ce329fef402f1507df0cb19668fff0b46576b09	inplace	docs/fixtures/humanmusic-r17/final/swiss_r17.pocket.txt	duplicate
docs/fixtures/humanmusic-r17/final/swiss_f0100.tension.txt	1940	402b3a9507d9c8a980eae035330523e524bda5950cae656531b11ac36261ee5e	archive	402b3a9507d9c8a980eae035330523e524bda5950cae656531b11ac36261ee5e	derived-receipt+dup
docs/fixtures/humanmusic-r17/final/swiss_f0100.voicing.txt	477802	c00d1e8613dc4150c10f8f9e42412ae2ecbc84e81888a471973f58e10c36b2ef	archive	c00d1e8613dc4150c10f8f9e42412ae2ecbc84e81888a471973f58e10c36b2ef	derived-receipt+dup
docs/fixtures/humanmusic-r17/final/swiss_f0100.voicing_decisions.txt	2353	804de13e0b6f826e797f99ed7467e77f2731eadb440c6ff7cb3b477f273f7f67	archive	804de13e0b6f826e797f99ed7467e77f2731eadb440c6ff7cb3b477f273f7f67	derived-receipt+dup
docs/fixtures/humanmusic-r17/final/swiss_f0101.actions.txt	11395	e437da874bdc391f41a011ae3a8d41d085f4565db2649e61fab25a3c498954d8	inplace	docs/fixtures/humanmusic-r17/final/black_ice_r17.actions.txt	duplicate
docs/fixtures/humanmusic-r17/final/swiss_f0101.conformance.txt	138	a92685e0e1784822262be537a2cbb37516ac4bd66d6a4fb2f1bb22aecfb4af1e	inplace	docs/fixtures/humanmusic-r17/final/black_ice_r17.conformance.txt	duplicate
docs/fixtures/humanmusic-r17/final/swiss_f0101.continuity_links.txt	37453	2155240b231564e96dbcc5f6ea0b7df2e2c12512ca2513fafe9732785f4434fc	archive	2155240b231564e96dbcc5f6ea0b7df2e2c12512ca2513fafe9732785f4434fc	derived-receipt+dup
docs/fixtures/humanmusic-r17/final/swiss_f0101.drums.txt	177457	6f35e824cdec46c48d3346b9d02042b0665257009a19e361cbd000fdcf4b25c4	inplace	docs/fixtures/humanmusic-r17/final/swiss_r17.drums.txt	duplicate
docs/fixtures/humanmusic-r17/final/swiss_f0101.expression.txt	14857	16d88182303a5ff7cceee0334af2bcc17106a0191ffaba2d9d5543aea258e912	archive	16d88182303a5ff7cceee0334af2bcc17106a0191ffaba2d9d5543aea258e912	derived-receipt+dup
docs/fixtures/humanmusic-r17/final/swiss_f0101.expression_decisions.txt	2	4f53cda18c2baa0c0354bb5f9a3ecbe5ed12ab4d8e11ba873c2f11161202b945	inplace	docs/fixtures/humanmusic-r17/final/swiss_r17.continuity_links.txt	duplicate
docs/fixtures/humanmusic-r17/final/swiss_f0101.hearings.txt	30951	63c9f1424545a451e348dfda5e9783a330e69f717bc165c9ab512c0d72132950	inplace	docs/fixtures/humanmusic-r17/final/swiss_r17.hearings.txt	duplicate
docs/fixtures/humanmusic-r17/final/swiss_f0101.identity.txt	417	ba941da7ca1decca70781620ba9e8af11aef96adf8df722da872a8dbe511f181	archive	ba941da7ca1decca70781620ba9e8af11aef96adf8df722da872a8dbe511f181	derived-receipt+dup
docs/fixtures/humanmusic-r17/final/swiss_f0101.mass.txt	17737	173e9322e34f4ca5a4c96e1c5d8788653b7c95f1148fed079800832985c31218	archive	173e9322e34f4ca5a4c96e1c5d8788653b7c95f1148fed079800832985c31218	derived-receipt+dup
docs/fixtures/humanmusic-r17/final/swiss_f0101.notes.txt	221221	c4bec0899aa8013057ef95fff9a3b50e2fde22ad38177df6b768128c8d0e484d	inplace	docs/fixtures/humanmusic-r17/final/swiss_r17.notes.txt	duplicate
docs/fixtures/humanmusic-r17/final/swiss_f0101.occupancy.txt	117770	4b92371a5b63c257b0c2e653f73c9d1b28217926346919924647182b3db02d6c	inplace	docs/fixtures/humanmusic-r17/final/black_ice_r17.occupancy.txt	duplicate
docs/fixtures/humanmusic-r17/final/swiss_f0101.phrase.txt	262641	5cff2a19ebbe2ff4c55aa17e3b69bad53596ae1e7e4d1455ff7f6b7b18a3c277	archive	5cff2a19ebbe2ff4c55aa17e3b69bad53596ae1e7e4d1455ff7f6b7b18a3c277	derived-receipt+dup
docs/fixtures/humanmusic-r17/final/swiss_f0101.phrase_plans.txt	163869	1584fb0504098b687db3e0af2d9126e0c0d04bff65d901fa77d08ca8824e88c4	inplace	docs/fixtures/humanmusic-r17/final/swiss_r17.phrase_plans.txt	duplicate
docs/fixtures/humanmusic-r17/final/swiss_f0101.pocket.txt	691	6d62efe6539287c7f6b97e4e9ce329fef402f1507df0cb19668fff0b46576b09	inplace	docs/fixtures/humanmusic-r17/final/swiss_r17.pocket.txt	duplicate
docs/fixtures/humanmusic-r17/final/swiss_f0101.tension.txt	1940	402b3a9507d9c8a980eae035330523e524bda5950cae656531b11ac36261ee5e	archive	402b3a9507d9c8a980eae035330523e524bda5950cae656531b11ac36261ee5e	derived-receipt+dup
docs/fixtures/humanmusic-r17/final/swiss_f0101.voicing.txt	477802	c00d1e8613dc4150c10f8f9e42412ae2ecbc84e81888a471973f58e10c36b2ef	archive	c00d1e8613dc4150c10f8f9e42412ae2ecbc84e81888a471973f58e10c36b2ef	derived-receipt+dup
docs/fixtures/humanmusic-r17/final/swiss_f0101.voicing_decisions.txt	2353	804de13e0b6f826e797f99ed7467e77f2731eadb440c6ff7cb3b477f273f7f67	archive	804de13e0b6f826e797f99ed7467e77f2731eadb440c6ff7cb3b477f273f7f67	derived-receipt+dup
docs/fixtures/humanmusic-r17/final/swiss_f0110.actions.txt	11395	e437da874bdc391f41a011ae3a8d41d085f4565db2649e61fab25a3c498954d8	inplace	docs/fixtures/humanmusic-r17/final/black_ice_r17.actions.txt	duplicate
docs/fixtures/humanmusic-r17/final/swiss_f0110.conformance.txt	138	a92685e0e1784822262be537a2cbb37516ac4bd66d6a4fb2f1bb22aecfb4af1e	inplace	docs/fixtures/humanmusic-r17/final/black_ice_r17.conformance.txt	duplicate
docs/fixtures/humanmusic-r17/final/swiss_f0110.continuity_links.txt	37453	2155240b231564e96dbcc5f6ea0b7df2e2c12512ca2513fafe9732785f4434fc	archive	2155240b231564e96dbcc5f6ea0b7df2e2c12512ca2513fafe9732785f4434fc	derived-receipt+dup
docs/fixtures/humanmusic-r17/final/swiss_f0110.drums.txt	177457	6f35e824cdec46c48d3346b9d02042b0665257009a19e361cbd000fdcf4b25c4	inplace	docs/fixtures/humanmusic-r17/final/swiss_r17.drums.txt	duplicate
docs/fixtures/humanmusic-r17/final/swiss_f0110.expression.txt	14857	16d88182303a5ff7cceee0334af2bcc17106a0191ffaba2d9d5543aea258e912	archive	16d88182303a5ff7cceee0334af2bcc17106a0191ffaba2d9d5543aea258e912	derived-receipt+dup
docs/fixtures/humanmusic-r17/final/swiss_f0110.expression_decisions.txt	2	4f53cda18c2baa0c0354bb5f9a3ecbe5ed12ab4d8e11ba873c2f11161202b945	inplace	docs/fixtures/humanmusic-r17/final/swiss_r17.continuity_links.txt	duplicate
docs/fixtures/humanmusic-r17/final/swiss_f0110.hearings.txt	30951	63c9f1424545a451e348dfda5e9783a330e69f717bc165c9ab512c0d72132950	inplace	docs/fixtures/humanmusic-r17/final/swiss_r17.hearings.txt	duplicate
docs/fixtures/humanmusic-r17/final/swiss_f0110.identity.txt	417	ba941da7ca1decca70781620ba9e8af11aef96adf8df722da872a8dbe511f181	archive	ba941da7ca1decca70781620ba9e8af11aef96adf8df722da872a8dbe511f181	derived-receipt+dup
docs/fixtures/humanmusic-r17/final/swiss_f0110.mass.txt	17737	173e9322e34f4ca5a4c96e1c5d8788653b7c95f1148fed079800832985c31218	archive	173e9322e34f4ca5a4c96e1c5d8788653b7c95f1148fed079800832985c31218	derived-receipt+dup
docs/fixtures/humanmusic-r17/final/swiss_f0110.notes.txt	221221	c4bec0899aa8013057ef95fff9a3b50e2fde22ad38177df6b768128c8d0e484d	inplace	docs/fixtures/humanmusic-r17/final/swiss_r17.notes.txt	duplicate
docs/fixtures/humanmusic-r17/final/swiss_f0110.occupancy.txt	117770	4b92371a5b63c257b0c2e653f73c9d1b28217926346919924647182b3db02d6c	inplace	docs/fixtures/humanmusic-r17/final/black_ice_r17.occupancy.txt	duplicate
docs/fixtures/humanmusic-r17/final/swiss_f0110.phrase.txt	262641	5cff2a19ebbe2ff4c55aa17e3b69bad53596ae1e7e4d1455ff7f6b7b18a3c277	archive	5cff2a19ebbe2ff4c55aa17e3b69bad53596ae1e7e4d1455ff7f6b7b18a3c277	derived-receipt+dup
docs/fixtures/humanmusic-r17/final/swiss_f0110.phrase_plans.txt	163869	1584fb0504098b687db3e0af2d9126e0c0d04bff65d901fa77d08ca8824e88c4	inplace	docs/fixtures/humanmusic-r17/final/swiss_r17.phrase_plans.txt	duplicate
docs/fixtures/humanmusic-r17/final/swiss_f0110.pocket.txt	691	6d62efe6539287c7f6b97e4e9ce329fef402f1507df0cb19668fff0b46576b09	inplace	docs/fixtures/humanmusic-r17/final/swiss_r17.pocket.txt	duplicate
docs/fixtures/humanmusic-r17/final/swiss_f0110.tension.txt	1940	402b3a9507d9c8a980eae035330523e524bda5950cae656531b11ac36261ee5e	archive	402b3a9507d9c8a980eae035330523e524bda5950cae656531b11ac36261ee5e	derived-receipt+dup
docs/fixtures/humanmusic-r17/final/swiss_f0110.voicing.txt	477802	c00d1e8613dc4150c10f8f9e42412ae2ecbc84e81888a471973f58e10c36b2ef	archive	c00d1e8613dc4150c10f8f9e42412ae2ecbc84e81888a471973f58e10c36b2ef	derived-receipt+dup
docs/fixtures/humanmusic-r17/final/swiss_f0110.voicing_decisions.txt	2353	804de13e0b6f826e797f99ed7467e77f2731eadb440c6ff7cb3b477f273f7f67	archive	804de13e0b6f826e797f99ed7467e77f2731eadb440c6ff7cb3b477f273f7f67	derived-receipt+dup
docs/fixtures/humanmusic-r17/final/swiss_f0111.actions.txt	11395	e437da874bdc391f41a011ae3a8d41d085f4565db2649e61fab25a3c498954d8	inplace	docs/fixtures/humanmusic-r17/final/black_ice_r17.actions.txt	duplicate
docs/fixtures/humanmusic-r17/final/swiss_f0111.conformance.txt	138	a92685e0e1784822262be537a2cbb37516ac4bd66d6a4fb2f1bb22aecfb4af1e	inplace	docs/fixtures/humanmusic-r17/final/black_ice_r17.conformance.txt	duplicate
docs/fixtures/humanmusic-r17/final/swiss_f0111.continuity_links.txt	37453	2155240b231564e96dbcc5f6ea0b7df2e2c12512ca2513fafe9732785f4434fc	archive	2155240b231564e96dbcc5f6ea0b7df2e2c12512ca2513fafe9732785f4434fc	derived-receipt+dup
docs/fixtures/humanmusic-r17/final/swiss_f0111.drums.txt	177457	6f35e824cdec46c48d3346b9d02042b0665257009a19e361cbd000fdcf4b25c4	inplace	docs/fixtures/humanmusic-r17/final/swiss_r17.drums.txt	duplicate
docs/fixtures/humanmusic-r17/final/swiss_f0111.expression.txt	14857	16d88182303a5ff7cceee0334af2bcc17106a0191ffaba2d9d5543aea258e912	archive	16d88182303a5ff7cceee0334af2bcc17106a0191ffaba2d9d5543aea258e912	derived-receipt+dup
docs/fixtures/humanmusic-r17/final/swiss_f0111.expression_decisions.txt	2	4f53cda18c2baa0c0354bb5f9a3ecbe5ed12ab4d8e11ba873c2f11161202b945	inplace	docs/fixtures/humanmusic-r17/final/swiss_r17.continuity_links.txt	duplicate
docs/fixtures/humanmusic-r17/final/swiss_f0111.hearings.txt	30951	63c9f1424545a451e348dfda5e9783a330e69f717bc165c9ab512c0d72132950	inplace	docs/fixtures/humanmusic-r17/final/swiss_r17.hearings.txt	duplicate
docs/fixtures/humanmusic-r17/final/swiss_f0111.identity.txt	417	ba941da7ca1decca70781620ba9e8af11aef96adf8df722da872a8dbe511f181	archive	ba941da7ca1decca70781620ba9e8af11aef96adf8df722da872a8dbe511f181	derived-receipt+dup
docs/fixtures/humanmusic-r17/final/swiss_f0111.mass.txt	17737	173e9322e34f4ca5a4c96e1c5d8788653b7c95f1148fed079800832985c31218	archive	173e9322e34f4ca5a4c96e1c5d8788653b7c95f1148fed079800832985c31218	derived-receipt+dup
docs/fixtures/humanmusic-r17/final/swiss_f0111.notes.txt	221221	c4bec0899aa8013057ef95fff9a3b50e2fde22ad38177df6b768128c8d0e484d	inplace	docs/fixtures/humanmusic-r17/final/swiss_r17.notes.txt	duplicate
docs/fixtures/humanmusic-r17/final/swiss_f0111.occupancy.txt	117770	4b92371a5b63c257b0c2e653f73c9d1b28217926346919924647182b3db02d6c	inplace	docs/fixtures/humanmusic-r17/final/black_ice_r17.occupancy.txt	duplicate
docs/fixtures/humanmusic-r17/final/swiss_f0111.phrase.txt	262641	5cff2a19ebbe2ff4c55aa17e3b69bad53596ae1e7e4d1455ff7f6b7b18a3c277	archive	5cff2a19ebbe2ff4c55aa17e3b69bad53596ae1e7e4d1455ff7f6b7b18a3c277	derived-receipt+dup
docs/fixtures/humanmusic-r17/final/swiss_f0111.phrase_plans.txt	163869	1584fb0504098b687db3e0af2d9126e0c0d04bff65d901fa77d08ca8824e88c4	inplace	docs/fixtures/humanmusic-r17/final/swiss_r17.phrase_plans.txt	duplicate
docs/fixtures/humanmusic-r17/final/swiss_f0111.pocket.txt	691	6d62efe6539287c7f6b97e4e9ce329fef402f1507df0cb19668fff0b46576b09	inplace	docs/fixtures/humanmusic-r17/final/swiss_r17.pocket.txt	duplicate
docs/fixtures/humanmusic-r17/final/swiss_f0111.tension.txt	1940	402b3a9507d9c8a980eae035330523e524bda5950cae656531b11ac36261ee5e	archive	402b3a9507d9c8a980eae035330523e524bda5950cae656531b11ac36261ee5e	derived-receipt+dup
docs/fixtures/humanmusic-r17/final/swiss_f0111.voicing.txt	477802	c00d1e8613dc4150c10f8f9e42412ae2ecbc84e81888a471973f58e10c36b2ef	archive	c00d1e8613dc4150c10f8f9e42412ae2ecbc84e81888a471973f58e10c36b2ef	derived-receipt+dup
docs/fixtures/humanmusic-r17/final/swiss_f0111.voicing_decisions.txt	2353	804de13e0b6f826e797f99ed7467e77f2731eadb440c6ff7cb3b477f273f7f67	archive	804de13e0b6f826e797f99ed7467e77f2731eadb440c6ff7cb3b477f273f7f67	derived-receipt+dup
docs/fixtures/humanmusic-r17/final/swiss_f1000.actions.txt	11395	e437da874bdc391f41a011ae3a8d41d085f4565db2649e61fab25a3c498954d8	inplace	docs/fixtures/humanmusic-r17/final/black_ice_r17.actions.txt	duplicate
docs/fixtures/humanmusic-r17/final/swiss_f1000.conformance.txt	138	a92685e0e1784822262be537a2cbb37516ac4bd66d6a4fb2f1bb22aecfb4af1e	inplace	docs/fixtures/humanmusic-r17/final/black_ice_r17.conformance.txt	duplicate
docs/fixtures/humanmusic-r17/final/swiss_f1000.continuity_links.txt	2	4f53cda18c2baa0c0354bb5f9a3ecbe5ed12ab4d8e11ba873c2f11161202b945	inplace	docs/fixtures/humanmusic-r17/final/swiss_r17.continuity_links.txt	duplicate
docs/fixtures/humanmusic-r17/final/swiss_f1000.drums.txt	177457	6f35e824cdec46c48d3346b9d02042b0665257009a19e361cbd000fdcf4b25c4	inplace	docs/fixtures/humanmusic-r17/final/swiss_r17.drums.txt	duplicate
docs/fixtures/humanmusic-r17/final/swiss_f1000.expression.txt	14857	2970c5420b85397031351a96f8e19bf3af4a7261d8bb61c4a94795cd3cfac8dc	archive	2970c5420b85397031351a96f8e19bf3af4a7261d8bb61c4a94795cd3cfac8dc	derived-receipt+dup
docs/fixtures/humanmusic-r17/final/swiss_f1000.expression_decisions.txt	2	4f53cda18c2baa0c0354bb5f9a3ecbe5ed12ab4d8e11ba873c2f11161202b945	inplace	docs/fixtures/humanmusic-r17/final/swiss_r17.continuity_links.txt	duplicate
docs/fixtures/humanmusic-r17/final/swiss_f1000.hearings.txt	30951	63c9f1424545a451e348dfda5e9783a330e69f717bc165c9ab512c0d72132950	inplace	docs/fixtures/humanmusic-r17/final/swiss_r17.hearings.txt	duplicate
docs/fixtures/humanmusic-r17/final/swiss_f1000.identity.txt	417	6b94ffbd154d514e1bfd52c6796d4b0b687f985eb12ebe504f14820ca16cd7af	archive	6b94ffbd154d514e1bfd52c6796d4b0b687f985eb12ebe504f14820ca16cd7af	derived-receipt+dup
docs/fixtures/humanmusic-r17/final/swiss_f1000.mass.txt	17737	51cbbe0a87340fbcaa190f29fa07777fba3d9e3007bdafe7298408b938c95141	archive	51cbbe0a87340fbcaa190f29fa07777fba3d9e3007bdafe7298408b938c95141	derived-receipt+dup
docs/fixtures/humanmusic-r17/final/swiss_f1000.notes.txt	221221	c4bec0899aa8013057ef95fff9a3b50e2fde22ad38177df6b768128c8d0e484d	inplace	docs/fixtures/humanmusic-r17/final/swiss_r17.notes.txt	duplicate
docs/fixtures/humanmusic-r17/final/swiss_f1000.occupancy.txt	117770	4b92371a5b63c257b0c2e653f73c9d1b28217926346919924647182b3db02d6c	inplace	docs/fixtures/humanmusic-r17/final/black_ice_r17.occupancy.txt	duplicate
docs/fixtures/humanmusic-r17/final/swiss_f1000.phrase.txt	262641	a432fb65d3ef125bf271ca5ee95527daec1e92d166d18296212d47e2836bf28c	inplace	docs/fixtures/humanmusic-r17/final/swiss_r17.phrase.txt	duplicate
docs/fixtures/humanmusic-r17/final/swiss_f1000.phrase_plans.txt	163869	1584fb0504098b687db3e0af2d9126e0c0d04bff65d901fa77d08ca8824e88c4	inplace	docs/fixtures/humanmusic-r17/final/swiss_r17.phrase_plans.txt	duplicate
docs/fixtures/humanmusic-r17/final/swiss_f1000.pocket.txt	691	6d62efe6539287c7f6b97e4e9ce329fef402f1507df0cb19668fff0b46576b09	inplace	docs/fixtures/humanmusic-r17/final/swiss_r17.pocket.txt	duplicate
docs/fixtures/humanmusic-r17/final/swiss_f1000.tension.txt	514	925f6fba79962fb957f5a79ba18ea9393dc9b711e31c3476420b9b79e8a41fbe	archive	925f6fba79962fb957f5a79ba18ea9393dc9b711e31c3476420b9b79e8a41fbe	derived-receipt+dup
docs/fixtures/humanmusic-r17/final/swiss_f1000.voicing.txt	477802	b843f6154ba6281d8ab1583dbd713748236c16511410e41678842a038463822e	archive	b843f6154ba6281d8ab1583dbd713748236c16511410e41678842a038463822e	derived-receipt+dup
docs/fixtures/humanmusic-r17/final/swiss_f1000.voicing_decisions.txt	2353	804de13e0b6f826e797f99ed7467e77f2731eadb440c6ff7cb3b477f273f7f67	archive	804de13e0b6f826e797f99ed7467e77f2731eadb440c6ff7cb3b477f273f7f67	derived-receipt+dup
docs/fixtures/humanmusic-r17/final/swiss_f1001.actions.txt	11395	e437da874bdc391f41a011ae3a8d41d085f4565db2649e61fab25a3c498954d8	inplace	docs/fixtures/humanmusic-r17/final/black_ice_r17.actions.txt	duplicate
docs/fixtures/humanmusic-r17/final/swiss_f1001.conformance.txt	138	a92685e0e1784822262be537a2cbb37516ac4bd66d6a4fb2f1bb22aecfb4af1e	inplace	docs/fixtures/humanmusic-r17/final/black_ice_r17.conformance.txt	duplicate
docs/fixtures/humanmusic-r17/final/swiss_f1001.continuity_links.txt	2	4f53cda18c2baa0c0354bb5f9a3ecbe5ed12ab4d8e11ba873c2f11161202b945	inplace	docs/fixtures/humanmusic-r17/final/swiss_r17.continuity_links.txt	duplicate
docs/fixtures/humanmusic-r17/final/swiss_f1001.drums.txt	177457	6f35e824cdec46c48d3346b9d02042b0665257009a19e361cbd000fdcf4b25c4	inplace	docs/fixtures/humanmusic-r17/final/swiss_r17.drums.txt	duplicate
docs/fixtures/humanmusic-r17/final/swiss_f1001.expression.txt	14857	2970c5420b85397031351a96f8e19bf3af4a7261d8bb61c4a94795cd3cfac8dc	archive	2970c5420b85397031351a96f8e19bf3af4a7261d8bb61c4a94795cd3cfac8dc	derived-receipt+dup
docs/fixtures/humanmusic-r17/final/swiss_f1001.expression_decisions.txt	2	4f53cda18c2baa0c0354bb5f9a3ecbe5ed12ab4d8e11ba873c2f11161202b945	inplace	docs/fixtures/humanmusic-r17/final/swiss_r17.continuity_links.txt	duplicate
docs/fixtures/humanmusic-r17/final/swiss_f1001.hearings.txt	30951	63c9f1424545a451e348dfda5e9783a330e69f717bc165c9ab512c0d72132950	inplace	docs/fixtures/humanmusic-r17/final/swiss_r17.hearings.txt	duplicate
docs/fixtures/humanmusic-r17/final/swiss_f1001.identity.txt	417	6b94ffbd154d514e1bfd52c6796d4b0b687f985eb12ebe504f14820ca16cd7af	archive	6b94ffbd154d514e1bfd52c6796d4b0b687f985eb12ebe504f14820ca16cd7af	derived-receipt+dup
docs/fixtures/humanmusic-r17/final/swiss_f1001.mass.txt	17737	51cbbe0a87340fbcaa190f29fa07777fba3d9e3007bdafe7298408b938c95141	archive	51cbbe0a87340fbcaa190f29fa07777fba3d9e3007bdafe7298408b938c95141	derived-receipt+dup
docs/fixtures/humanmusic-r17/final/swiss_f1001.notes.txt	221221	c4bec0899aa8013057ef95fff9a3b50e2fde22ad38177df6b768128c8d0e484d	inplace	docs/fixtures/humanmusic-r17/final/swiss_r17.notes.txt	duplicate
docs/fixtures/humanmusic-r17/final/swiss_f1001.occupancy.txt	117770	4b92371a5b63c257b0c2e653f73c9d1b28217926346919924647182b3db02d6c	inplace	docs/fixtures/humanmusic-r17/final/black_ice_r17.occupancy.txt	duplicate
docs/fixtures/humanmusic-r17/final/swiss_f1001.phrase.txt	262641	a432fb65d3ef125bf271ca5ee95527daec1e92d166d18296212d47e2836bf28c	inplace	docs/fixtures/humanmusic-r17/final/swiss_r17.phrase.txt	duplicate
docs/fixtures/humanmusic-r17/final/swiss_f1001.phrase_plans.txt	163869	1584fb0504098b687db3e0af2d9126e0c0d04bff65d901fa77d08ca8824e88c4	inplace	docs/fixtures/humanmusic-r17/final/swiss_r17.phrase_plans.txt	duplicate
docs/fixtures/humanmusic-r17/final/swiss_f1001.pocket.txt	691	6d62efe6539287c7f6b97e4e9ce329fef402f1507df0cb19668fff0b46576b09	inplace	docs/fixtures/humanmusic-r17/final/swiss_r17.pocket.txt	duplicate
docs/fixtures/humanmusic-r17/final/swiss_f1001.tension.txt	514	925f6fba79962fb957f5a79ba18ea9393dc9b711e31c3476420b9b79e8a41fbe	archive	925f6fba79962fb957f5a79ba18ea9393dc9b711e31c3476420b9b79e8a41fbe	derived-receipt+dup
docs/fixtures/humanmusic-r17/final/swiss_f1001.voicing.txt	477802	b843f6154ba6281d8ab1583dbd713748236c16511410e41678842a038463822e	archive	b843f6154ba6281d8ab1583dbd713748236c16511410e41678842a038463822e	derived-receipt+dup
docs/fixtures/humanmusic-r17/final/swiss_f1001.voicing_decisions.txt	2353	804de13e0b6f826e797f99ed7467e77f2731eadb440c6ff7cb3b477f273f7f67	archive	804de13e0b6f826e797f99ed7467e77f2731eadb440c6ff7cb3b477f273f7f67	derived-receipt+dup
docs/fixtures/humanmusic-r17/final/swiss_f1010.actions.txt	11395	e437da874bdc391f41a011ae3a8d41d085f4565db2649e61fab25a3c498954d8	inplace	docs/fixtures/humanmusic-r17/final/black_ice_r17.actions.txt	duplicate
docs/fixtures/humanmusic-r17/final/swiss_f1010.conformance.txt	138	a92685e0e1784822262be537a2cbb37516ac4bd66d6a4fb2f1bb22aecfb4af1e	inplace	docs/fixtures/humanmusic-r17/final/black_ice_r17.conformance.txt	duplicate
docs/fixtures/humanmusic-r17/final/swiss_f1010.continuity_links.txt	2	4f53cda18c2baa0c0354bb5f9a3ecbe5ed12ab4d8e11ba873c2f11161202b945	inplace	docs/fixtures/humanmusic-r17/final/swiss_r17.continuity_links.txt	duplicate
docs/fixtures/humanmusic-r17/final/swiss_f1010.drums.txt	177457	6f35e824cdec46c48d3346b9d02042b0665257009a19e361cbd000fdcf4b25c4	inplace	docs/fixtures/humanmusic-r17/final/swiss_r17.drums.txt	duplicate
docs/fixtures/humanmusic-r17/final/swiss_f1010.expression.txt	14857	2970c5420b85397031351a96f8e19bf3af4a7261d8bb61c4a94795cd3cfac8dc	archive	2970c5420b85397031351a96f8e19bf3af4a7261d8bb61c4a94795cd3cfac8dc	derived-receipt+dup
docs/fixtures/humanmusic-r17/final/swiss_f1010.expression_decisions.txt	2	4f53cda18c2baa0c0354bb5f9a3ecbe5ed12ab4d8e11ba873c2f11161202b945	inplace	docs/fixtures/humanmusic-r17/final/swiss_r17.continuity_links.txt	duplicate
docs/fixtures/humanmusic-r17/final/swiss_f1010.hearings.txt	30951	63c9f1424545a451e348dfda5e9783a330e69f717bc165c9ab512c0d72132950	inplace	docs/fixtures/humanmusic-r17/final/swiss_r17.hearings.txt	duplicate
docs/fixtures/humanmusic-r17/final/swiss_f1010.identity.txt	417	6b94ffbd154d514e1bfd52c6796d4b0b687f985eb12ebe504f14820ca16cd7af	archive	6b94ffbd154d514e1bfd52c6796d4b0b687f985eb12ebe504f14820ca16cd7af	derived-receipt+dup
docs/fixtures/humanmusic-r17/final/swiss_f1010.mass.txt	17737	51cbbe0a87340fbcaa190f29fa07777fba3d9e3007bdafe7298408b938c95141	archive	51cbbe0a87340fbcaa190f29fa07777fba3d9e3007bdafe7298408b938c95141	derived-receipt+dup
docs/fixtures/humanmusic-r17/final/swiss_f1010.notes.txt	221221	c4bec0899aa8013057ef95fff9a3b50e2fde22ad38177df6b768128c8d0e484d	inplace	docs/fixtures/humanmusic-r17/final/swiss_r17.notes.txt	duplicate
docs/fixtures/humanmusic-r17/final/swiss_f1010.occupancy.txt	117770	4b92371a5b63c257b0c2e653f73c9d1b28217926346919924647182b3db02d6c	inplace	docs/fixtures/humanmusic-r17/final/black_ice_r17.occupancy.txt	duplicate
docs/fixtures/humanmusic-r17/final/swiss_f1010.phrase.txt	262641	a432fb65d3ef125bf271ca5ee95527daec1e92d166d18296212d47e2836bf28c	inplace	docs/fixtures/humanmusic-r17/final/swiss_r17.phrase.txt	duplicate
docs/fixtures/humanmusic-r17/final/swiss_f1010.phrase_plans.txt	163869	1584fb0504098b687db3e0af2d9126e0c0d04bff65d901fa77d08ca8824e88c4	inplace	docs/fixtures/humanmusic-r17/final/swiss_r17.phrase_plans.txt	duplicate
docs/fixtures/humanmusic-r17/final/swiss_f1010.pocket.txt	691	6d62efe6539287c7f6b97e4e9ce329fef402f1507df0cb19668fff0b46576b09	inplace	docs/fixtures/humanmusic-r17/final/swiss_r17.pocket.txt	duplicate
docs/fixtures/humanmusic-r17/final/swiss_f1010.tension.txt	514	925f6fba79962fb957f5a79ba18ea9393dc9b711e31c3476420b9b79e8a41fbe	archive	925f6fba79962fb957f5a79ba18ea9393dc9b711e31c3476420b9b79e8a41fbe	derived-receipt+dup
docs/fixtures/humanmusic-r17/final/swiss_f1010.voicing.txt	477802	b843f6154ba6281d8ab1583dbd713748236c16511410e41678842a038463822e	archive	b843f6154ba6281d8ab1583dbd713748236c16511410e41678842a038463822e	derived-receipt+dup
docs/fixtures/humanmusic-r17/final/swiss_f1010.voicing_decisions.txt	2353	804de13e0b6f826e797f99ed7467e77f2731eadb440c6ff7cb3b477f273f7f67	archive	804de13e0b6f826e797f99ed7467e77f2731eadb440c6ff7cb3b477f273f7f67	derived-receipt+dup
docs/fixtures/humanmusic-r17/final/swiss_f1011.actions.txt	11395	e437da874bdc391f41a011ae3a8d41d085f4565db2649e61fab25a3c498954d8	inplace	docs/fixtures/humanmusic-r17/final/black_ice_r17.actions.txt	duplicate
docs/fixtures/humanmusic-r17/final/swiss_f1011.conformance.txt	138	a92685e0e1784822262be537a2cbb37516ac4bd66d6a4fb2f1bb22aecfb4af1e	inplace	docs/fixtures/humanmusic-r17/final/black_ice_r17.conformance.txt	duplicate
docs/fixtures/humanmusic-r17/final/swiss_f1011.continuity_links.txt	2	4f53cda18c2baa0c0354bb5f9a3ecbe5ed12ab4d8e11ba873c2f11161202b945	inplace	docs/fixtures/humanmusic-r17/final/swiss_r17.continuity_links.txt	duplicate
docs/fixtures/humanmusic-r17/final/swiss_f1011.drums.txt	177457	6f35e824cdec46c48d3346b9d02042b0665257009a19e361cbd000fdcf4b25c4	inplace	docs/fixtures/humanmusic-r17/final/swiss_r17.drums.txt	duplicate
docs/fixtures/humanmusic-r17/final/swiss_f1011.expression.txt	14857	2970c5420b85397031351a96f8e19bf3af4a7261d8bb61c4a94795cd3cfac8dc	archive	2970c5420b85397031351a96f8e19bf3af4a7261d8bb61c4a94795cd3cfac8dc	derived-receipt+dup
docs/fixtures/humanmusic-r17/final/swiss_f1011.expression_decisions.txt	2	4f53cda18c2baa0c0354bb5f9a3ecbe5ed12ab4d8e11ba873c2f11161202b945	inplace	docs/fixtures/humanmusic-r17/final/swiss_r17.continuity_links.txt	duplicate
docs/fixtures/humanmusic-r17/final/swiss_f1011.hearings.txt	30951	63c9f1424545a451e348dfda5e9783a330e69f717bc165c9ab512c0d72132950	inplace	docs/fixtures/humanmusic-r17/final/swiss_r17.hearings.txt	duplicate
docs/fixtures/humanmusic-r17/final/swiss_f1011.identity.txt	417	6b94ffbd154d514e1bfd52c6796d4b0b687f985eb12ebe504f14820ca16cd7af	archive	6b94ffbd154d514e1bfd52c6796d4b0b687f985eb12ebe504f14820ca16cd7af	derived-receipt+dup
docs/fixtures/humanmusic-r17/final/swiss_f1011.mass.txt	17737	51cbbe0a87340fbcaa190f29fa07777fba3d9e3007bdafe7298408b938c95141	archive	51cbbe0a87340fbcaa190f29fa07777fba3d9e3007bdafe7298408b938c95141	derived-receipt+dup
docs/fixtures/humanmusic-r17/final/swiss_f1011.notes.txt	221221	c4bec0899aa8013057ef95fff9a3b50e2fde22ad38177df6b768128c8d0e484d	inplace	docs/fixtures/humanmusic-r17/final/swiss_r17.notes.txt	duplicate
docs/fixtures/humanmusic-r17/final/swiss_f1011.occupancy.txt	117770	4b92371a5b63c257b0c2e653f73c9d1b28217926346919924647182b3db02d6c	inplace	docs/fixtures/humanmusic-r17/final/black_ice_r17.occupancy.txt	duplicate
docs/fixtures/humanmusic-r17/final/swiss_f1011.phrase.txt	262641	a432fb65d3ef125bf271ca5ee95527daec1e92d166d18296212d47e2836bf28c	inplace	docs/fixtures/humanmusic-r17/final/swiss_r17.phrase.txt	duplicate
docs/fixtures/humanmusic-r17/final/swiss_f1011.phrase_plans.txt	163869	1584fb0504098b687db3e0af2d9126e0c0d04bff65d901fa77d08ca8824e88c4	inplace	docs/fixtures/humanmusic-r17/final/swiss_r17.phrase_plans.txt	duplicate
docs/fixtures/humanmusic-r17/final/swiss_f1011.pocket.txt	691	6d62efe6539287c7f6b97e4e9ce329fef402f1507df0cb19668fff0b46576b09	inplace	docs/fixtures/humanmusic-r17/final/swiss_r17.pocket.txt	duplicate
docs/fixtures/humanmusic-r17/final/swiss_f1011.tension.txt	514	925f6fba79962fb957f5a79ba18ea9393dc9b711e31c3476420b9b79e8a41fbe	archive	925f6fba79962fb957f5a79ba18ea9393dc9b711e31c3476420b9b79e8a41fbe	derived-receipt+dup
docs/fixtures/humanmusic-r17/final/swiss_f1011.voicing.txt	477802	b843f6154ba6281d8ab1583dbd713748236c16511410e41678842a038463822e	archive	b843f6154ba6281d8ab1583dbd713748236c16511410e41678842a038463822e	derived-receipt+dup
docs/fixtures/humanmusic-r17/final/swiss_f1011.voicing_decisions.txt	2353	804de13e0b6f826e797f99ed7467e77f2731eadb440c6ff7cb3b477f273f7f67	archive	804de13e0b6f826e797f99ed7467e77f2731eadb440c6ff7cb3b477f273f7f67	derived-receipt+dup
docs/fixtures/humanmusic-r17/final/swiss_f1100.actions.txt	11395	e437da874bdc391f41a011ae3a8d41d085f4565db2649e61fab25a3c498954d8	inplace	docs/fixtures/humanmusic-r17/final/black_ice_r17.actions.txt	duplicate
docs/fixtures/humanmusic-r17/final/swiss_f1100.conformance.txt	138	a92685e0e1784822262be537a2cbb37516ac4bd66d6a4fb2f1bb22aecfb4af1e	inplace	docs/fixtures/humanmusic-r17/final/black_ice_r17.conformance.txt	duplicate
docs/fixtures/humanmusic-r17/final/swiss_f1100.continuity_links.txt	37453	2155240b231564e96dbcc5f6ea0b7df2e2c12512ca2513fafe9732785f4434fc	archive	2155240b231564e96dbcc5f6ea0b7df2e2c12512ca2513fafe9732785f4434fc	derived-receipt+dup
docs/fixtures/humanmusic-r17/final/swiss_f1100.drums.txt	177457	6f35e824cdec46c48d3346b9d02042b0665257009a19e361cbd000fdcf4b25c4	inplace	docs/fixtures/humanmusic-r17/final/swiss_r17.drums.txt	duplicate
docs/fixtures/humanmusic-r17/final/swiss_f1100.expression.txt	14857	16d88182303a5ff7cceee0334af2bcc17106a0191ffaba2d9d5543aea258e912	archive	16d88182303a5ff7cceee0334af2bcc17106a0191ffaba2d9d5543aea258e912	derived-receipt+dup
docs/fixtures/humanmusic-r17/final/swiss_f1100.expression_decisions.txt	2	4f53cda18c2baa0c0354bb5f9a3ecbe5ed12ab4d8e11ba873c2f11161202b945	inplace	docs/fixtures/humanmusic-r17/final/swiss_r17.continuity_links.txt	duplicate
docs/fixtures/humanmusic-r17/final/swiss_f1100.hearings.txt	30951	63c9f1424545a451e348dfda5e9783a330e69f717bc165c9ab512c0d72132950	inplace	docs/fixtures/humanmusic-r17/final/swiss_r17.hearings.txt	duplicate
docs/fixtures/humanmusic-r17/final/swiss_f1100.identity.txt	417	ba941da7ca1decca70781620ba9e8af11aef96adf8df722da872a8dbe511f181	archive	ba941da7ca1decca70781620ba9e8af11aef96adf8df722da872a8dbe511f181	derived-receipt+dup
docs/fixtures/humanmusic-r17/final/swiss_f1100.mass.txt	17737	173e9322e34f4ca5a4c96e1c5d8788653b7c95f1148fed079800832985c31218	archive	173e9322e34f4ca5a4c96e1c5d8788653b7c95f1148fed079800832985c31218	derived-receipt+dup
docs/fixtures/humanmusic-r17/final/swiss_f1100.notes.txt	221221	c4bec0899aa8013057ef95fff9a3b50e2fde22ad38177df6b768128c8d0e484d	inplace	docs/fixtures/humanmusic-r17/final/swiss_r17.notes.txt	duplicate
docs/fixtures/humanmusic-r17/final/swiss_f1100.occupancy.txt	117770	4b92371a5b63c257b0c2e653f73c9d1b28217926346919924647182b3db02d6c	inplace	docs/fixtures/humanmusic-r17/final/black_ice_r17.occupancy.txt	duplicate
docs/fixtures/humanmusic-r17/final/swiss_f1100.phrase.txt	262641	5cff2a19ebbe2ff4c55aa17e3b69bad53596ae1e7e4d1455ff7f6b7b18a3c277	archive	5cff2a19ebbe2ff4c55aa17e3b69bad53596ae1e7e4d1455ff7f6b7b18a3c277	derived-receipt+dup
docs/fixtures/humanmusic-r17/final/swiss_f1100.phrase_plans.txt	163869	1584fb0504098b687db3e0af2d9126e0c0d04bff65d901fa77d08ca8824e88c4	inplace	docs/fixtures/humanmusic-r17/final/swiss_r17.phrase_plans.txt	duplicate
docs/fixtures/humanmusic-r17/final/swiss_f1100.pocket.txt	691	6d62efe6539287c7f6b97e4e9ce329fef402f1507df0cb19668fff0b46576b09	inplace	docs/fixtures/humanmusic-r17/final/swiss_r17.pocket.txt	duplicate
docs/fixtures/humanmusic-r17/final/swiss_f1100.tension.txt	1940	402b3a9507d9c8a980eae035330523e524bda5950cae656531b11ac36261ee5e	archive	402b3a9507d9c8a980eae035330523e524bda5950cae656531b11ac36261ee5e	derived-receipt+dup
docs/fixtures/humanmusic-r17/final/swiss_f1100.voicing.txt	477802	c00d1e8613dc4150c10f8f9e42412ae2ecbc84e81888a471973f58e10c36b2ef	archive	c00d1e8613dc4150c10f8f9e42412ae2ecbc84e81888a471973f58e10c36b2ef	derived-receipt+dup
docs/fixtures/humanmusic-r17/final/swiss_f1100.voicing_decisions.txt	2353	804de13e0b6f826e797f99ed7467e77f2731eadb440c6ff7cb3b477f273f7f67	archive	804de13e0b6f826e797f99ed7467e77f2731eadb440c6ff7cb3b477f273f7f67	derived-receipt+dup
docs/fixtures/humanmusic-r17/final/swiss_f1101.actions.txt	11395	e437da874bdc391f41a011ae3a8d41d085f4565db2649e61fab25a3c498954d8	inplace	docs/fixtures/humanmusic-r17/final/black_ice_r17.actions.txt	duplicate
docs/fixtures/humanmusic-r17/final/swiss_f1101.conformance.txt	138	a92685e0e1784822262be537a2cbb37516ac4bd66d6a4fb2f1bb22aecfb4af1e	inplace	docs/fixtures/humanmusic-r17/final/black_ice_r17.conformance.txt	duplicate
docs/fixtures/humanmusic-r17/final/swiss_f1101.continuity_links.txt	37453	2155240b231564e96dbcc5f6ea0b7df2e2c12512ca2513fafe9732785f4434fc	archive	2155240b231564e96dbcc5f6ea0b7df2e2c12512ca2513fafe9732785f4434fc	derived-receipt+dup
docs/fixtures/humanmusic-r17/final/swiss_f1101.drums.txt	177457	6f35e824cdec46c48d3346b9d02042b0665257009a19e361cbd000fdcf4b25c4	inplace	docs/fixtures/humanmusic-r17/final/swiss_r17.drums.txt	duplicate
docs/fixtures/humanmusic-r17/final/swiss_f1101.expression.txt	14857	16d88182303a5ff7cceee0334af2bcc17106a0191ffaba2d9d5543aea258e912	archive	16d88182303a5ff7cceee0334af2bcc17106a0191ffaba2d9d5543aea258e912	derived-receipt+dup
docs/fixtures/humanmusic-r17/final/swiss_f1101.expression_decisions.txt	2	4f53cda18c2baa0c0354bb5f9a3ecbe5ed12ab4d8e11ba873c2f11161202b945	inplace	docs/fixtures/humanmusic-r17/final/swiss_r17.continuity_links.txt	duplicate
docs/fixtures/humanmusic-r17/final/swiss_f1101.hearings.txt	30951	63c9f1424545a451e348dfda5e9783a330e69f717bc165c9ab512c0d72132950	inplace	docs/fixtures/humanmusic-r17/final/swiss_r17.hearings.txt	duplicate
docs/fixtures/humanmusic-r17/final/swiss_f1101.identity.txt	417	ba941da7ca1decca70781620ba9e8af11aef96adf8df722da872a8dbe511f181	archive	ba941da7ca1decca70781620ba9e8af11aef96adf8df722da872a8dbe511f181	derived-receipt+dup
docs/fixtures/humanmusic-r17/final/swiss_f1101.mass.txt	17737	173e9322e34f4ca5a4c96e1c5d8788653b7c95f1148fed079800832985c31218	archive	173e9322e34f4ca5a4c96e1c5d8788653b7c95f1148fed079800832985c31218	derived-receipt+dup
docs/fixtures/humanmusic-r17/final/swiss_f1101.notes.txt	221221	c4bec0899aa8013057ef95fff9a3b50e2fde22ad38177df6b768128c8d0e484d	inplace	docs/fixtures/humanmusic-r17/final/swiss_r17.notes.txt	duplicate
docs/fixtures/humanmusic-r17/final/swiss_f1101.occupancy.txt	117770	4b92371a5b63c257b0c2e653f73c9d1b28217926346919924647182b3db02d6c	inplace	docs/fixtures/humanmusic-r17/final/black_ice_r17.occupancy.txt	duplicate
docs/fixtures/humanmusic-r17/final/swiss_f1101.phrase.txt	262641	5cff2a19ebbe2ff4c55aa17e3b69bad53596ae1e7e4d1455ff7f6b7b18a3c277	archive	5cff2a19ebbe2ff4c55aa17e3b69bad53596ae1e7e4d1455ff7f6b7b18a3c277	derived-receipt+dup
docs/fixtures/humanmusic-r17/final/swiss_f1101.phrase_plans.txt	163869	1584fb0504098b687db3e0af2d9126e0c0d04bff65d901fa77d08ca8824e88c4	inplace	docs/fixtures/humanmusic-r17/final/swiss_r17.phrase_plans.txt	duplicate
docs/fixtures/humanmusic-r17/final/swiss_f1101.pocket.txt	691	6d62efe6539287c7f6b97e4e9ce329fef402f1507df0cb19668fff0b46576b09	inplace	docs/fixtures/humanmusic-r17/final/swiss_r17.pocket.txt	duplicate
docs/fixtures/humanmusic-r17/final/swiss_f1101.tension.txt	1940	402b3a9507d9c8a980eae035330523e524bda5950cae656531b11ac36261ee5e	archive	402b3a9507d9c8a980eae035330523e524bda5950cae656531b11ac36261ee5e	derived-receipt+dup
docs/fixtures/humanmusic-r17/final/swiss_f1101.voicing.txt	477802	c00d1e8613dc4150c10f8f9e42412ae2ecbc84e81888a471973f58e10c36b2ef	archive	c00d1e8613dc4150c10f8f9e42412ae2ecbc84e81888a471973f58e10c36b2ef	derived-receipt+dup
docs/fixtures/humanmusic-r17/final/swiss_f1101.voicing_decisions.txt	2353	804de13e0b6f826e797f99ed7467e77f2731eadb440c6ff7cb3b477f273f7f67	archive	804de13e0b6f826e797f99ed7467e77f2731eadb440c6ff7cb3b477f273f7f67	derived-receipt+dup
docs/fixtures/humanmusic-r17/final/swiss_f1110.actions.txt	11395	e437da874bdc391f41a011ae3a8d41d085f4565db2649e61fab25a3c498954d8	inplace	docs/fixtures/humanmusic-r17/final/black_ice_r17.actions.txt	duplicate
docs/fixtures/humanmusic-r17/final/swiss_f1110.conformance.txt	138	a92685e0e1784822262be537a2cbb37516ac4bd66d6a4fb2f1bb22aecfb4af1e	inplace	docs/fixtures/humanmusic-r17/final/black_ice_r17.conformance.txt	duplicate
docs/fixtures/humanmusic-r17/final/swiss_f1110.continuity_links.txt	37453	2155240b231564e96dbcc5f6ea0b7df2e2c12512ca2513fafe9732785f4434fc	archive	2155240b231564e96dbcc5f6ea0b7df2e2c12512ca2513fafe9732785f4434fc	derived-receipt+dup
docs/fixtures/humanmusic-r17/final/swiss_f1110.drums.txt	177457	6f35e824cdec46c48d3346b9d02042b0665257009a19e361cbd000fdcf4b25c4	inplace	docs/fixtures/humanmusic-r17/final/swiss_r17.drums.txt	duplicate
docs/fixtures/humanmusic-r17/final/swiss_f1110.expression.txt	14857	16d88182303a5ff7cceee0334af2bcc17106a0191ffaba2d9d5543aea258e912	archive	16d88182303a5ff7cceee0334af2bcc17106a0191ffaba2d9d5543aea258e912	derived-receipt+dup
docs/fixtures/humanmusic-r17/final/swiss_f1110.expression_decisions.txt	2	4f53cda18c2baa0c0354bb5f9a3ecbe5ed12ab4d8e11ba873c2f11161202b945	inplace	docs/fixtures/humanmusic-r17/final/swiss_r17.continuity_links.txt	duplicate
docs/fixtures/humanmusic-r17/final/swiss_f1110.hearings.txt	30951	63c9f1424545a451e348dfda5e9783a330e69f717bc165c9ab512c0d72132950	inplace	docs/fixtures/humanmusic-r17/final/swiss_r17.hearings.txt	duplicate
docs/fixtures/humanmusic-r17/final/swiss_f1110.identity.txt	417	ba941da7ca1decca70781620ba9e8af11aef96adf8df722da872a8dbe511f181	archive	ba941da7ca1decca70781620ba9e8af11aef96adf8df722da872a8dbe511f181	derived-receipt+dup
docs/fixtures/humanmusic-r17/final/swiss_f1110.mass.txt	17737	173e9322e34f4ca5a4c96e1c5d8788653b7c95f1148fed079800832985c31218	archive	173e9322e34f4ca5a4c96e1c5d8788653b7c95f1148fed079800832985c31218	derived-receipt+dup
docs/fixtures/humanmusic-r17/final/swiss_f1110.notes.txt	221221	c4bec0899aa8013057ef95fff9a3b50e2fde22ad38177df6b768128c8d0e484d	inplace	docs/fixtures/humanmusic-r17/final/swiss_r17.notes.txt	duplicate
docs/fixtures/humanmusic-r17/final/swiss_f1110.occupancy.txt	117770	4b92371a5b63c257b0c2e653f73c9d1b28217926346919924647182b3db02d6c	inplace	docs/fixtures/humanmusic-r17/final/black_ice_r17.occupancy.txt	duplicate
docs/fixtures/humanmusic-r17/final/swiss_f1110.phrase.txt	262641	5cff2a19ebbe2ff4c55aa17e3b69bad53596ae1e7e4d1455ff7f6b7b18a3c277	archive	5cff2a19ebbe2ff4c55aa17e3b69bad53596ae1e7e4d1455ff7f6b7b18a3c277	derived-receipt+dup
docs/fixtures/humanmusic-r17/final/swiss_f1110.phrase_plans.txt	163869	1584fb0504098b687db3e0af2d9126e0c0d04bff65d901fa77d08ca8824e88c4	inplace	docs/fixtures/humanmusic-r17/final/swiss_r17.phrase_plans.txt	duplicate
docs/fixtures/humanmusic-r17/final/swiss_f1110.pocket.txt	691	6d62efe6539287c7f6b97e4e9ce329fef402f1507df0cb19668fff0b46576b09	inplace	docs/fixtures/humanmusic-r17/final/swiss_r17.pocket.txt	duplicate
docs/fixtures/humanmusic-r17/final/swiss_f1110.tension.txt	1940	402b3a9507d9c8a980eae035330523e524bda5950cae656531b11ac36261ee5e	archive	402b3a9507d9c8a980eae035330523e524bda5950cae656531b11ac36261ee5e	derived-receipt+dup
docs/fixtures/humanmusic-r17/final/swiss_f1110.voicing.txt	477802	c00d1e8613dc4150c10f8f9e42412ae2ecbc84e81888a471973f58e10c36b2ef	archive	c00d1e8613dc4150c10f8f9e42412ae2ecbc84e81888a471973f58e10c36b2ef	derived-receipt+dup
docs/fixtures/humanmusic-r17/final/swiss_f1110.voicing_decisions.txt	2353	804de13e0b6f826e797f99ed7467e77f2731eadb440c6ff7cb3b477f273f7f67	archive	804de13e0b6f826e797f99ed7467e77f2731eadb440c6ff7cb3b477f273f7f67	derived-receipt+dup
docs/fixtures/humanmusic-r17/final/swiss_f1111.actions.txt	11395	e437da874bdc391f41a011ae3a8d41d085f4565db2649e61fab25a3c498954d8	inplace	docs/fixtures/humanmusic-r17/final/black_ice_r17.actions.txt	duplicate
docs/fixtures/humanmusic-r17/final/swiss_f1111.conformance.txt	138	a92685e0e1784822262be537a2cbb37516ac4bd66d6a4fb2f1bb22aecfb4af1e	inplace	docs/fixtures/humanmusic-r17/final/black_ice_r17.conformance.txt	duplicate
docs/fixtures/humanmusic-r17/final/swiss_f1111.continuity_links.txt	37453	2155240b231564e96dbcc5f6ea0b7df2e2c12512ca2513fafe9732785f4434fc	archive	2155240b231564e96dbcc5f6ea0b7df2e2c12512ca2513fafe9732785f4434fc	derived-receipt+dup
docs/fixtures/humanmusic-r17/final/swiss_f1111.drums.txt	177457	6f35e824cdec46c48d3346b9d02042b0665257009a19e361cbd000fdcf4b25c4	inplace	docs/fixtures/humanmusic-r17/final/swiss_r17.drums.txt	duplicate
docs/fixtures/humanmusic-r17/final/swiss_f1111.expression.txt	14857	16d88182303a5ff7cceee0334af2bcc17106a0191ffaba2d9d5543aea258e912	archive	16d88182303a5ff7cceee0334af2bcc17106a0191ffaba2d9d5543aea258e912	derived-receipt+dup
docs/fixtures/humanmusic-r17/final/swiss_f1111.expression_decisions.txt	2	4f53cda18c2baa0c0354bb5f9a3ecbe5ed12ab4d8e11ba873c2f11161202b945	inplace	docs/fixtures/humanmusic-r17/final/swiss_r17.continuity_links.txt	duplicate
docs/fixtures/humanmusic-r17/final/swiss_f1111.hearings.txt	30951	63c9f1424545a451e348dfda5e9783a330e69f717bc165c9ab512c0d72132950	inplace	docs/fixtures/humanmusic-r17/final/swiss_r17.hearings.txt	duplicate
docs/fixtures/humanmusic-r17/final/swiss_f1111.identity.txt	417	ba941da7ca1decca70781620ba9e8af11aef96adf8df722da872a8dbe511f181	archive	ba941da7ca1decca70781620ba9e8af11aef96adf8df722da872a8dbe511f181	derived-receipt+dup
docs/fixtures/humanmusic-r17/final/swiss_f1111.mass.txt	17737	173e9322e34f4ca5a4c96e1c5d8788653b7c95f1148fed079800832985c31218	archive	173e9322e34f4ca5a4c96e1c5d8788653b7c95f1148fed079800832985c31218	derived-receipt+dup
docs/fixtures/humanmusic-r17/final/swiss_f1111.notes.txt	221221	c4bec0899aa8013057ef95fff9a3b50e2fde22ad38177df6b768128c8d0e484d	inplace	docs/fixtures/humanmusic-r17/final/swiss_r17.notes.txt	duplicate
docs/fixtures/humanmusic-r17/final/swiss_f1111.occupancy.txt	117770	4b92371a5b63c257b0c2e653f73c9d1b28217926346919924647182b3db02d6c	inplace	docs/fixtures/humanmusic-r17/final/black_ice_r17.occupancy.txt	duplicate
docs/fixtures/humanmusic-r17/final/swiss_f1111.phrase.txt	262641	5cff2a19ebbe2ff4c55aa17e3b69bad53596ae1e7e4d1455ff7f6b7b18a3c277	archive	5cff2a19ebbe2ff4c55aa17e3b69bad53596ae1e7e4d1455ff7f6b7b18a3c277	derived-receipt+dup
docs/fixtures/humanmusic-r17/final/swiss_f1111.phrase_plans.txt	163869	1584fb0504098b687db3e0af2d9126e0c0d04bff65d901fa77d08ca8824e88c4	inplace	docs/fixtures/humanmusic-r17/final/swiss_r17.phrase_plans.txt	duplicate
docs/fixtures/humanmusic-r17/final/swiss_f1111.pocket.txt	691	6d62efe6539287c7f6b97e4e9ce329fef402f1507df0cb19668fff0b46576b09	inplace	docs/fixtures/humanmusic-r17/final/swiss_r17.pocket.txt	duplicate
docs/fixtures/humanmusic-r17/final/swiss_f1111.tension.txt	1940	402b3a9507d9c8a980eae035330523e524bda5950cae656531b11ac36261ee5e	archive	402b3a9507d9c8a980eae035330523e524bda5950cae656531b11ac36261ee5e	derived-receipt+dup
docs/fixtures/humanmusic-r17/final/swiss_f1111.voicing.txt	477802	c00d1e8613dc4150c10f8f9e42412ae2ecbc84e81888a471973f58e10c36b2ef	archive	c00d1e8613dc4150c10f8f9e42412ae2ecbc84e81888a471973f58e10c36b2ef	derived-receipt+dup
docs/fixtures/humanmusic-r17/final/swiss_f1111.voicing_decisions.txt	2353	804de13e0b6f826e797f99ed7467e77f2731eadb440c6ff7cb3b477f273f7f67	archive	804de13e0b6f826e797f99ed7467e77f2731eadb440c6ff7cb3b477f273f7f67	derived-receipt+dup
docs/fixtures/humanmusic-r17/final/swiss_r14.actions.txt	11395	e437da874bdc391f41a011ae3a8d41d085f4565db2649e61fab25a3c498954d8	inplace	docs/fixtures/humanmusic-r17/final/black_ice_r17.actions.txt	duplicate
docs/fixtures/humanmusic-r17/final/swiss_r14.conformance.txt	138	a92685e0e1784822262be537a2cbb37516ac4bd66d6a4fb2f1bb22aecfb4af1e	inplace	docs/fixtures/humanmusic-r17/final/black_ice_r17.conformance.txt	duplicate
docs/fixtures/humanmusic-r17/final/swiss_r14.continuity_links.txt	2	4f53cda18c2baa0c0354bb5f9a3ecbe5ed12ab4d8e11ba873c2f11161202b945	inplace	docs/fixtures/humanmusic-r17/final/swiss_r17.continuity_links.txt	duplicate
docs/fixtures/humanmusic-r17/final/swiss_r14.drums.txt	177457	6f35e824cdec46c48d3346b9d02042b0665257009a19e361cbd000fdcf4b25c4	inplace	docs/fixtures/humanmusic-r17/final/swiss_r17.drums.txt	duplicate
docs/fixtures/humanmusic-r17/final/swiss_r14.expression.txt	14857	23896cabbd069451b776471bfb5a18ed9d9b135675e0389491bf7a3b7ba0c902	archive	23896cabbd069451b776471bfb5a18ed9d9b135675e0389491bf7a3b7ba0c902	derived-receipt+dup
docs/fixtures/humanmusic-r17/final/swiss_r14.expression_decisions.txt	2	4f53cda18c2baa0c0354bb5f9a3ecbe5ed12ab4d8e11ba873c2f11161202b945	inplace	docs/fixtures/humanmusic-r17/final/swiss_r17.continuity_links.txt	duplicate
docs/fixtures/humanmusic-r17/final/swiss_r14.hearings.txt	25100	cb7ceb52d8f1ee9cba3023927b7aa0f8c75d46b8eb69e7bef27ebb02c4d7dc30	archive	cb7ceb52d8f1ee9cba3023927b7aa0f8c75d46b8eb69e7bef27ebb02c4d7dc30	derived-receipt+dup
docs/fixtures/humanmusic-r17/final/swiss_r14.identity.txt	417	6b94ffbd154d514e1bfd52c6796d4b0b687f985eb12ebe504f14820ca16cd7af	archive	6b94ffbd154d514e1bfd52c6796d4b0b687f985eb12ebe504f14820ca16cd7af	derived-receipt+dup
docs/fixtures/humanmusic-r17/final/swiss_r14.mass.txt	17737	51cbbe0a87340fbcaa190f29fa07777fba3d9e3007bdafe7298408b938c95141	archive	51cbbe0a87340fbcaa190f29fa07777fba3d9e3007bdafe7298408b938c95141	derived-receipt+dup
docs/fixtures/humanmusic-r17/final/swiss_r14.notes.txt	221221	e3e4c0d9a812198f4525603fefd1909ea484b1a5681f627e31a4fa517efb9f9d	archive	e3e4c0d9a812198f4525603fefd1909ea484b1a5681f627e31a4fa517efb9f9d	derived-receipt+dup
docs/fixtures/humanmusic-r17/final/swiss_r14.occupancy.txt	2	4f53cda18c2baa0c0354bb5f9a3ecbe5ed12ab4d8e11ba873c2f11161202b945	inplace	docs/fixtures/humanmusic-r17/final/swiss_r17.continuity_links.txt	duplicate
docs/fixtures/humanmusic-r17/final/swiss_r14.phrase.txt	262641	a432fb65d3ef125bf271ca5ee95527daec1e92d166d18296212d47e2836bf28c	inplace	docs/fixtures/humanmusic-r17/final/swiss_r17.phrase.txt	duplicate
docs/fixtures/humanmusic-r17/final/swiss_r14.phrase_plans.txt	2	4f53cda18c2baa0c0354bb5f9a3ecbe5ed12ab4d8e11ba873c2f11161202b945	inplace	docs/fixtures/humanmusic-r17/final/swiss_r17.continuity_links.txt	duplicate
docs/fixtures/humanmusic-r17/final/swiss_r14.pocket.txt	691	6d62efe6539287c7f6b97e4e9ce329fef402f1507df0cb19668fff0b46576b09	inplace	docs/fixtures/humanmusic-r17/final/swiss_r17.pocket.txt	duplicate
docs/fixtures/humanmusic-r17/final/swiss_r14.voicing.txt	477867	944618cf112be1000998e68b07328084e4807ea9b32fa48d371328a8df41e7ae	archive	944618cf112be1000998e68b07328084e4807ea9b32fa48d371328a8df41e7ae	derived-receipt+dup
docs/fixtures/humanmusic-r17/final/swiss_r16.actions.txt	11395	e437da874bdc391f41a011ae3a8d41d085f4565db2649e61fab25a3c498954d8	inplace	docs/fixtures/humanmusic-r17/final/black_ice_r17.actions.txt	duplicate
docs/fixtures/humanmusic-r17/final/swiss_r16.conformance.txt	138	a92685e0e1784822262be537a2cbb37516ac4bd66d6a4fb2f1bb22aecfb4af1e	inplace	docs/fixtures/humanmusic-r17/final/black_ice_r17.conformance.txt	duplicate
docs/fixtures/humanmusic-r17/final/swiss_r16.continuity_links.txt	2	4f53cda18c2baa0c0354bb5f9a3ecbe5ed12ab4d8e11ba873c2f11161202b945	inplace	docs/fixtures/humanmusic-r17/final/swiss_r17.continuity_links.txt	duplicate
docs/fixtures/humanmusic-r17/final/swiss_r16.drums.txt	177457	6f35e824cdec46c48d3346b9d02042b0665257009a19e361cbd000fdcf4b25c4	inplace	docs/fixtures/humanmusic-r17/final/swiss_r17.drums.txt	duplicate
docs/fixtures/humanmusic-r17/final/swiss_r16.expression.txt	14857	2970c5420b85397031351a96f8e19bf3af4a7261d8bb61c4a94795cd3cfac8dc	archive	2970c5420b85397031351a96f8e19bf3af4a7261d8bb61c4a94795cd3cfac8dc	derived-receipt+dup
docs/fixtures/humanmusic-r17/final/swiss_r16.expression_decisions.txt	2	4f53cda18c2baa0c0354bb5f9a3ecbe5ed12ab4d8e11ba873c2f11161202b945	inplace	docs/fixtures/humanmusic-r17/final/swiss_r17.continuity_links.txt	duplicate
docs/fixtures/humanmusic-r17/final/swiss_r16.hearings.txt	30951	63c9f1424545a451e348dfda5e9783a330e69f717bc165c9ab512c0d72132950	inplace	docs/fixtures/humanmusic-r17/final/swiss_r17.hearings.txt	duplicate
docs/fixtures/humanmusic-r17/final/swiss_r16.identity.txt	417	6b94ffbd154d514e1bfd52c6796d4b0b687f985eb12ebe504f14820ca16cd7af	archive	6b94ffbd154d514e1bfd52c6796d4b0b687f985eb12ebe504f14820ca16cd7af	derived-receipt+dup
docs/fixtures/humanmusic-r17/final/swiss_r16.mass.txt	17737	51cbbe0a87340fbcaa190f29fa07777fba3d9e3007bdafe7298408b938c95141	archive	51cbbe0a87340fbcaa190f29fa07777fba3d9e3007bdafe7298408b938c95141	derived-receipt+dup
docs/fixtures/humanmusic-r17/final/swiss_r16.notes.txt	221221	c4bec0899aa8013057ef95fff9a3b50e2fde22ad38177df6b768128c8d0e484d	inplace	docs/fixtures/humanmusic-r17/final/swiss_r17.notes.txt	duplicate
docs/fixtures/humanmusic-r17/final/swiss_r16.occupancy.txt	117770	4b92371a5b63c257b0c2e653f73c9d1b28217926346919924647182b3db02d6c	inplace	docs/fixtures/humanmusic-r17/final/black_ice_r17.occupancy.txt	duplicate
docs/fixtures/humanmusic-r17/final/swiss_r16.phrase.txt	262641	a432fb65d3ef125bf271ca5ee95527daec1e92d166d18296212d47e2836bf28c	inplace	docs/fixtures/humanmusic-r17/final/swiss_r17.phrase.txt	duplicate
docs/fixtures/humanmusic-r17/final/swiss_r16.phrase_plans.txt	163869	1584fb0504098b687db3e0af2d9126e0c0d04bff65d901fa77d08ca8824e88c4	inplace	docs/fixtures/humanmusic-r17/final/swiss_r17.phrase_plans.txt	duplicate
docs/fixtures/humanmusic-r17/final/swiss_r16.pocket.txt	691	6d62efe6539287c7f6b97e4e9ce329fef402f1507df0cb19668fff0b46576b09	inplace	docs/fixtures/humanmusic-r17/final/swiss_r17.pocket.txt	duplicate
docs/fixtures/humanmusic-r17/final/swiss_r16.tension.txt	514	925f6fba79962fb957f5a79ba18ea9393dc9b711e31c3476420b9b79e8a41fbe	archive	925f6fba79962fb957f5a79ba18ea9393dc9b711e31c3476420b9b79e8a41fbe	derived-receipt+dup
docs/fixtures/humanmusic-r17/final/swiss_r16.voicing.txt	477802	b843f6154ba6281d8ab1583dbd713748236c16511410e41678842a038463822e	archive	b843f6154ba6281d8ab1583dbd713748236c16511410e41678842a038463822e	derived-receipt+dup
docs/fixtures/humanmusic-r17/final/swiss_r16.voicing_decisions.txt	2353	804de13e0b6f826e797f99ed7467e77f2731eadb440c6ff7cb3b477f273f7f67	archive	804de13e0b6f826e797f99ed7467e77f2731eadb440c6ff7cb3b477f273f7f67	derived-receipt+dup
docs/fixtures/humanmusic-r17/final/swiss_r17.expression.txt	14857	2970c5420b85397031351a96f8e19bf3af4a7261d8bb61c4a94795cd3cfac8dc	archive	2970c5420b85397031351a96f8e19bf3af4a7261d8bb61c4a94795cd3cfac8dc	derived-receipt+dup
docs/fixtures/humanmusic-r17/final/swiss_r17.identity.txt	417	6b94ffbd154d514e1bfd52c6796d4b0b687f985eb12ebe504f14820ca16cd7af	archive	6b94ffbd154d514e1bfd52c6796d4b0b687f985eb12ebe504f14820ca16cd7af	derived-receipt+dup
docs/fixtures/humanmusic-r17/final/swiss_r17.mass.txt	17737	51cbbe0a87340fbcaa190f29fa07777fba3d9e3007bdafe7298408b938c95141	archive	51cbbe0a87340fbcaa190f29fa07777fba3d9e3007bdafe7298408b938c95141	derived-receipt+dup
docs/fixtures/humanmusic-r17/final/swiss_r17.tension.txt	514	925f6fba79962fb957f5a79ba18ea9393dc9b711e31c3476420b9b79e8a41fbe	archive	925f6fba79962fb957f5a79ba18ea9393dc9b711e31c3476420b9b79e8a41fbe	derived-receipt+dup
docs/fixtures/humanmusic-r17/final/swiss_r17.voicing.txt	477802	b843f6154ba6281d8ab1583dbd713748236c16511410e41678842a038463822e	archive	b843f6154ba6281d8ab1583dbd713748236c16511410e41678842a038463822e	derived-receipt+dup
docs/fixtures/humanmusic-r17/final/swiss_r17.voicing_decisions.txt	2353	804de13e0b6f826e797f99ed7467e77f2731eadb440c6ff7cb3b477f273f7f67	archive	804de13e0b6f826e797f99ed7467e77f2731eadb440c6ff7cb3b477f273f7f67	derived-receipt+dup
docs/fixtures/humanmusic-r17/final/swiss_stable_precursors.actions.txt	11395	e437da874bdc391f41a011ae3a8d41d085f4565db2649e61fab25a3c498954d8	inplace	docs/fixtures/humanmusic-r17/final/black_ice_r17.actions.txt	duplicate
docs/fixtures/humanmusic-r17/final/swiss_stable_precursors.conformance.txt	138	a92685e0e1784822262be537a2cbb37516ac4bd66d6a4fb2f1bb22aecfb4af1e	inplace	docs/fixtures/humanmusic-r17/final/black_ice_r17.conformance.txt	duplicate
docs/fixtures/humanmusic-r17/final/swiss_stable_precursors.continuity_links.txt	37453	2155240b231564e96dbcc5f6ea0b7df2e2c12512ca2513fafe9732785f4434fc	archive	2155240b231564e96dbcc5f6ea0b7df2e2c12512ca2513fafe9732785f4434fc	derived-receipt+dup
docs/fixtures/humanmusic-r17/final/swiss_stable_precursors.drums.txt	177457	6f35e824cdec46c48d3346b9d02042b0665257009a19e361cbd000fdcf4b25c4	inplace	docs/fixtures/humanmusic-r17/final/swiss_r17.drums.txt	duplicate
docs/fixtures/humanmusic-r17/final/swiss_stable_precursors.expression.txt	14857	16d88182303a5ff7cceee0334af2bcc17106a0191ffaba2d9d5543aea258e912	archive	16d88182303a5ff7cceee0334af2bcc17106a0191ffaba2d9d5543aea258e912	derived-receipt+dup
docs/fixtures/humanmusic-r17/final/swiss_stable_precursors.expression_decisions.txt	2	4f53cda18c2baa0c0354bb5f9a3ecbe5ed12ab4d8e11ba873c2f11161202b945	inplace	docs/fixtures/humanmusic-r17/final/swiss_r17.continuity_links.txt	duplicate
docs/fixtures/humanmusic-r17/final/swiss_stable_precursors.hearings.txt	30951	63c9f1424545a451e348dfda5e9783a330e69f717bc165c9ab512c0d72132950	inplace	docs/fixtures/humanmusic-r17/final/swiss_r17.hearings.txt	duplicate
docs/fixtures/humanmusic-r17/final/swiss_stable_precursors.identity.txt	417	ba941da7ca1decca70781620ba9e8af11aef96adf8df722da872a8dbe511f181	archive	ba941da7ca1decca70781620ba9e8af11aef96adf8df722da872a8dbe511f181	derived-receipt+dup
docs/fixtures/humanmusic-r17/final/swiss_stable_precursors.mass.txt	17737	173e9322e34f4ca5a4c96e1c5d8788653b7c95f1148fed079800832985c31218	archive	173e9322e34f4ca5a4c96e1c5d8788653b7c95f1148fed079800832985c31218	derived-receipt+dup
docs/fixtures/humanmusic-r17/final/swiss_stable_precursors.notes.txt	221221	c4bec0899aa8013057ef95fff9a3b50e2fde22ad38177df6b768128c8d0e484d	inplace	docs/fixtures/humanmusic-r17/final/swiss_r17.notes.txt	duplicate
docs/fixtures/humanmusic-r17/final/swiss_stable_precursors.occupancy.txt	117770	4b92371a5b63c257b0c2e653f73c9d1b28217926346919924647182b3db02d6c	inplace	docs/fixtures/humanmusic-r17/final/black_ice_r17.occupancy.txt	duplicate
docs/fixtures/humanmusic-r17/final/swiss_stable_precursors.phrase.txt	262641	5cff2a19ebbe2ff4c55aa17e3b69bad53596ae1e7e4d1455ff7f6b7b18a3c277	archive	5cff2a19ebbe2ff4c55aa17e3b69bad53596ae1e7e4d1455ff7f6b7b18a3c277	derived-receipt+dup
docs/fixtures/humanmusic-r17/final/swiss_stable_precursors.phrase_plans.txt	163869	1584fb0504098b687db3e0af2d9126e0c0d04bff65d901fa77d08ca8824e88c4	inplace	docs/fixtures/humanmusic-r17/final/swiss_r17.phrase_plans.txt	duplicate
docs/fixtures/humanmusic-r17/final/swiss_stable_precursors.pocket.txt	691	6d62efe6539287c7f6b97e4e9ce329fef402f1507df0cb19668fff0b46576b09	inplace	docs/fixtures/humanmusic-r17/final/swiss_r17.pocket.txt	duplicate
docs/fixtures/humanmusic-r17/final/swiss_stable_precursors.tension.txt	1940	402b3a9507d9c8a980eae035330523e524bda5950cae656531b11ac36261ee5e	archive	402b3a9507d9c8a980eae035330523e524bda5950cae656531b11ac36261ee5e	derived-receipt+dup
docs/fixtures/humanmusic-r17/final/swiss_stable_precursors.voicing.txt	477802	c00d1e8613dc4150c10f8f9e42412ae2ecbc84e81888a471973f58e10c36b2ef	archive	c00d1e8613dc4150c10f8f9e42412ae2ecbc84e81888a471973f58e10c36b2ef	derived-receipt+dup
docs/fixtures/humanmusic-r17/final/swiss_stable_precursors.voicing_decisions.txt	2353	804de13e0b6f826e797f99ed7467e77f2731eadb440c6ff7cb3b477f273f7f67	archive	804de13e0b6f826e797f99ed7467e77f2731eadb440c6ff7cb3b477f273f7f67	derived-receipt+dup
docs/fixtures/humanmusic-r17/support-no-go/contacts.txt	141425	ad02b28eba3540ea85c412ab0ab67adcbaec6d373b8e35efea85a816ddb1cca5	archive	ad02b28eba3540ea85c412ab0ab67adcbaec6d373b8e35efea85a816ddb1cca5	archival
docs/fixtures/humanmusic-r17/verification/fresh-build.jsonl	55278	54974c23145e526af411a6e43433c26b998e4fd68599e465196deb863dbdd472	archive	54974c23145e526af411a6e43433c26b998e4fd68599e465196deb863dbdd472	archival
docs/fixtures/humanmusic-r17/verification/fresh-classification.txt	140735	172f42cb075b6f4fd0f834b1b65aca80a4ec989bde2ad373bede8bebd64c15ab	archive	172f42cb075b6f4fd0f834b1b65aca80a4ec989bde2ad373bede8bebd64c15ab	archival
docs/fixtures/humanmusic-r17/verification/fresh-failures.json	52425	24bb91c8bd325c8e23ecba866f21eaee15fc78cac045667a17f67199dd129ecd	archive	24bb91c8bd325c8e23ecba866f21eaee15fc78cac045667a17f67199dd129ecd	archival
docs/fixtures/humanmusic-r17/verification/fresh-sweep.txt	66231	21222aa2cb85fc8212928777633117c83b748212ffd6e772a5d8a99344f20cff	archive	21222aa2cb85fc8212928777633117c83b748212ffd6e772a5d8a99344f20cff	archival
docs/fixtures/humanmusic-r17/verification/full-suite.txt	117208	0ed8961eca7f7aab066316bba1102013e43c7d644667c6e3172527f76d024fca	archive	0ed8961eca7f7aab066316bba1102013e43c7d644667c6e3172527f76d024fca	archival
